region_code,region,age,pop_male,pop_female,pop_total
13,Abruzzo,0.0,3842.0,3577.0,7419.0
13,Abruzzo,1.0,4010.0,3653.0,7663.0
13,Abruzzo,2.0,4260.0,3873.0,8133.0
13,Abruzzo,3.0,4298.0,4163.0,8461.0
13,Abruzzo,4.0,4456.0,4163.0,8619.0
13,Abruzzo,5.0,4524.0,4308.0,8832.0
13,Abruzzo,6.0,4701.0,4487.0,9188.0
13,Abruzzo,7.0,5054.0,4718.0,9772.0
13,Abruzzo,8.0,5285.0,4964.0,10249.0
13,Abruzzo,9.0,5415.0,5045.0,10460.0
13,Abruzzo,10.0,5484.0,5167.0,10651.0
13,Abruzzo,11.0,5522.0,5197.0,10719.0
13,Abruzzo,12.0,5813.0,5529.0,11342.0
13,Abruzzo,13.0,6000.0,5470.0,11470.0
13,Abruzzo,14.0,6052.0,5707.0,11759.0
13,Abruzzo,15.0,6011.0,5571.0,11582.0
13,Abruzzo,16.0,6205.0,5823.0,12028.0
13,Abruzzo,17.0,6090.0,5747.0,11837.0
13,Abruzzo,18.0,6130.0,5632.0,11762.0
13,Abruzzo,19.0,6272.0,5804.0,12076.0
13,Abruzzo,20.0,6501.0,5735.0,12236.0
13,Abruzzo,21.0,6330.0,5703.0,12033.0
13,Abruzzo,22.0,6318.0,5608.0,11926.0
13,Abruzzo,23.0,6402.0,5856.0,12258.0
13,Abruzzo,24.0,6748.0,5828.0,12576.0
13,Abruzzo,25.0,6633.0,5897.0,12530.0
13,Abruzzo,26.0,6713.0,5959.0,12672.0
13,Abruzzo,27.0,6680.0,5909.0,12589.0
13,Abruzzo,28.0,6634.0,6049.0,12683.0
13,Abruzzo,29.0,6649.0,5885.0,12534.0
13,Abruzzo,30.0,6706.0,6168.0,12874.0
13,Abruzzo,31.0,6892.0,6286.0,13178.0
13,Abruzzo,32.0,7107.0,6495.0,13602.0
13,Abruzzo,33.0,7049.0,6567.0,13616.0
13,Abruzzo,34.0,7217.0,6800.0,14017.0
13,Abruzzo,35.0,7337.0,6701.0,14038.0
13,Abruzzo,36.0,7359.0,6954.0,14313.0
13,Abruzzo,37.0,7131.0,6912.0,14043.0
13,Abruzzo,38.0,7316.0,7204.0,14520.0
13,Abruzzo,39.0,7577.0,7437.0,15014.0
13,Abruzzo,40.0,7728.0,7503.0,15231.0
13,Abruzzo,41.0,7757.0,7549.0,15306.0
13,Abruzzo,42.0,7963.0,8048.0,16011.0
13,Abruzzo,43.0,8025.0,7869.0,15894.0
13,Abruzzo,44.0,8257.0,8076.0,16333.0
13,Abruzzo,45.0,8598.0,8455.0,17053.0
13,Abruzzo,46.0,8939.0,8698.0,17637.0
13,Abruzzo,47.0,9002.0,8775.0,17777.0
13,Abruzzo,48.0,9303.0,9256.0,18559.0
13,Abruzzo,49.0,9396.0,9669.0,19065.0
13,Abruzzo,50.0,9934.0,9904.0,19838.0
13,Abruzzo,51.0,9666.0,9981.0,19647.0
13,Abruzzo,52.0,9956.0,10219.0,20175.0
13,Abruzzo,53.0,9990.0,10537.0,20527.0
13,Abruzzo,54.0,9831.0,10206.0,20037.0
13,Abruzzo,55.0,10324.0,10608.0,20932.0
13,Abruzzo,56.0,10211.0,10490.0,20701.0
13,Abruzzo,57.0,10148.0,10704.0,20852.0
13,Abruzzo,58.0,10300.0,10749.0,21049.0
13,Abruzzo,59.0,10326.0,10756.0,21082.0
13,Abruzzo,60.0,10432.0,10716.0,21148.0
13,Abruzzo,61.0,9700.0,10205.0,19905.0
13,Abruzzo,62.0,9295.0,9813.0,19108.0
13,Abruzzo,63.0,8885.0,9828.0,18713.0
13,Abruzzo,64.0,8819.0,9594.0,18413.0
13,Abruzzo,65.0,8625.0,9412.0,18037.0
13,Abruzzo,66.0,8259.0,9010.0,17269.0
13,Abruzzo,67.0,8105.0,8812.0,16917.0
13,Abruzzo,68.0,8100.0,8573.0,16673.0
13,Abruzzo,69.0,7832.0,8722.0,16554.0
13,Abruzzo,70.0,7581.0,8485.0,16066.0
13,Abruzzo,71.0,7070.0,7889.0,14959.0
13,Abruzzo,72.0,6951.0,7769.0,14720.0
13,Abruzzo,73.0,6714.0,7906.0,14620.0
13,Abruzzo,74.0,7013.0,7913.0,14926.0
13,Abruzzo,75.0,7004.0,8030.0,15034.0
13,Abruzzo,76.0,6860.0,8085.0,14945.0
13,Abruzzo,77.0,6459.0,7502.0,13961.0
13,Abruzzo,78.0,6114.0,7173.0,13287.0
13,Abruzzo,79.0,4330.0,5392.0,9722.0
13,Abruzzo,80.0,4537.0,5565.0,10102.0
13,Abruzzo,81.0,4213.0,5380.0,9593.0
13,Abruzzo,82.0,3805.0,5106.0,8911.0
13,Abruzzo,83.0,3665.0,4959.0,8624.0
13,Abruzzo,84.0,3911.0,5491.0,9402.0
13,Abruzzo,85.0,3703.0,5300.0,9003.0
13,Abruzzo,86.0,3049.0,4556.0,7605.0
13,Abruzzo,87.0,2811.0,4213.0,7024.0
13,Abruzzo,88.0,2261.0,3653.0,5914.0
13,Abruzzo,89.0,1984.0,3400.0,5384.0
13,Abruzzo,90.0,1564.0,2917.0,4481.0
13,Abruzzo,91.0,1319.0,2668.0,3987.0
13,Abruzzo,92.0,978.0,2050.0,3028.0
13,Abruzzo,93.0,807.0,1751.0,2558.0
13,Abruzzo,94.0,632.0,1537.0,2169.0
13,Abruzzo,95.0,417.0,1038.0,1455.0
13,Abruzzo,96.0,263.0,761.0,1024.0
13,Abruzzo,97.0,197.0,557.0,754.0
13,Abruzzo,98.0,106.0,376.0,482.0
13,Abruzzo,99.0,68.0,297.0,365.0
13,Abruzzo,100.0,121.0,487.0,608.0
13,Abruzzo,999.0,622936.0,645494.0,1268430.0
17,Basilicata,0.0,1591.0,1482.0,3073.0
17,Basilicata,1.0,1589.0,1507.0,3096.0
17,Basilicata,2.0,1726.0,1489.0,3215.0
17,Basilicata,3.0,1755.0,1608.0,3363.0
17,Basilicata,4.0,1864.0,1674.0,3538.0
17,Basilicata,5.0,1929.0,1749.0,3678.0
17,Basilicata,6.0,1904.0,1819.0,3723.0
17,Basilicata,7.0,2098.0,1875.0,3973.0
17,Basilicata,8.0,2073.0,1953.0,4026.0
17,Basilicata,9.0,2097.0,1987.0,4084.0
17,Basilicata,10.0,2084.0,2007.0,4091.0
17,Basilicata,11.0,2112.0,1944.0,4056.0
17,Basilicata,12.0,2352.0,2116.0,4468.0
17,Basilicata,13.0,2293.0,2136.0,4429.0
17,Basilicata,14.0,2355.0,2234.0,4589.0
17,Basilicata,15.0,2500.0,2270.0,4770.0
17,Basilicata,16.0,2585.0,2349.0,4934.0
17,Basilicata,17.0,2601.0,2343.0,4944.0
17,Basilicata,18.0,2700.0,2397.0,5097.0
17,Basilicata,19.0,2733.0,2405.0,5138.0
17,Basilicata,20.0,2868.0,2658.0,5526.0
17,Basilicata,21.0,2960.0,2526.0,5486.0
17,Basilicata,22.0,2908.0,2627.0,5535.0
17,Basilicata,23.0,2959.0,2569.0,5528.0
17,Basilicata,24.0,3075.0,2639.0,5714.0
17,Basilicata,25.0,3089.0,2681.0,5770.0
17,Basilicata,26.0,3119.0,2536.0,5655.0
17,Basilicata,27.0,3029.0,2590.0,5619.0
17,Basilicata,28.0,3023.0,2521.0,5544.0
17,Basilicata,29.0,2960.0,2600.0,5560.0
17,Basilicata,30.0,2940.0,2683.0,5623.0
17,Basilicata,31.0,3024.0,2615.0,5639.0
17,Basilicata,32.0,3219.0,2841.0,6060.0
17,Basilicata,33.0,3055.0,2798.0,5853.0
17,Basilicata,34.0,3232.0,2934.0,6166.0
17,Basilicata,35.0,3201.0,2828.0,6029.0
17,Basilicata,36.0,3179.0,2862.0,6041.0
17,Basilicata,37.0,3177.0,2811.0,5988.0
17,Basilicata,38.0,3115.0,2799.0,5914.0
17,Basilicata,39.0,3233.0,2951.0,6184.0
17,Basilicata,40.0,3262.0,3060.0,6322.0
17,Basilicata,41.0,3243.0,3101.0,6344.0
17,Basilicata,42.0,3241.0,3231.0,6472.0
17,Basilicata,43.0,3240.0,3152.0,6392.0
17,Basilicata,44.0,3285.0,3171.0,6456.0
17,Basilicata,45.0,3444.0,3252.0,6696.0
17,Basilicata,46.0,3632.0,3439.0,7071.0
17,Basilicata,47.0,3544.0,3673.0,7217.0
17,Basilicata,48.0,3942.0,3818.0,7760.0
17,Basilicata,49.0,3828.0,3965.0,7793.0
17,Basilicata,50.0,4009.0,3989.0,7998.0
17,Basilicata,51.0,3978.0,3990.0,7968.0
17,Basilicata,52.0,3970.0,4151.0,8121.0
17,Basilicata,53.0,4015.0,4169.0,8184.0
17,Basilicata,54.0,4067.0,4261.0,8328.0
17,Basilicata,55.0,4288.0,4284.0,8572.0
17,Basilicata,56.0,4180.0,4319.0,8499.0
17,Basilicata,57.0,4302.0,4502.0,8804.0
17,Basilicata,58.0,4094.0,4478.0,8572.0
17,Basilicata,59.0,4265.0,4461.0,8726.0
17,Basilicata,60.0,4406.0,4619.0,9025.0
17,Basilicata,61.0,4180.0,4328.0,8508.0
17,Basilicata,62.0,4237.0,4334.0,8571.0
17,Basilicata,63.0,3968.0,4315.0,8283.0
17,Basilicata,64.0,3890.0,4204.0,8094.0
17,Basilicata,65.0,3746.0,3998.0,7744.0
17,Basilicata,66.0,3666.0,3866.0,7532.0
17,Basilicata,67.0,3402.0,3901.0,7303.0
17,Basilicata,68.0,3554.0,3860.0,7414.0
17,Basilicata,69.0,3482.0,3606.0,7088.0
17,Basilicata,70.0,3352.0,3686.0,7038.0
17,Basilicata,71.0,3140.0,3293.0,6433.0
17,Basilicata,72.0,2958.0,3313.0,6271.0
17,Basilicata,73.0,2883.0,3262.0,6145.0
17,Basilicata,74.0,2993.0,3300.0,6293.0
17,Basilicata,75.0,2979.0,3266.0,6245.0
17,Basilicata,76.0,2900.0,3418.0,6318.0
17,Basilicata,77.0,2584.0,3082.0,5666.0
17,Basilicata,78.0,2286.0,2714.0,5000.0
17,Basilicata,79.0,1667.0,2157.0,3824.0
17,Basilicata,80.0,1670.0,2010.0,3680.0
17,Basilicata,81.0,1577.0,1963.0,3540.0
17,Basilicata,82.0,1447.0,1953.0,3400.0
17,Basilicata,83.0,1405.0,1851.0,3256.0
17,Basilicata,84.0,1570.0,2107.0,3677.0
17,Basilicata,85.0,1473.0,2133.0,3606.0
17,Basilicata,86.0,1304.0,1960.0,3264.0
17,Basilicata,87.0,1140.0,1863.0,3003.0
17,Basilicata,88.0,984.0,1621.0,2605.0
17,Basilicata,89.0,804.0,1450.0,2254.0
17,Basilicata,90.0,700.0,1300.0,2000.0
17,Basilicata,91.0,564.0,1089.0,1653.0
17,Basilicata,92.0,439.0,834.0,1273.0
17,Basilicata,93.0,337.0,702.0,1039.0
17,Basilicata,94.0,250.0,606.0,856.0
17,Basilicata,95.0,187.0,451.0,638.0
17,Basilicata,96.0,113.0,317.0,430.0
17,Basilicata,97.0,97.0,235.0,332.0
17,Basilicata,98.0,51.0,168.0,219.0
17,Basilicata,99.0,29.0,106.0,135.0
17,Basilicata,100.0,55.0,173.0,228.0
17,Basilicata,999.0,262604.0,267293.0,529897.0
18,Calabria,0.0,6523.0,6224.0,12747.0
18,Calabria,1.0,6808.0,6447.0,13255.0
18,Calabria,2.0,6986.0,6466.0,13452.0
18,Calabria,3.0,6829.0,6488.0,13317.0
18,Calabria,4.0,7174.0,6878.0,14052.0
18,Calabria,5.0,7492.0,7085.0,14577.0
18,Calabria,6.0,7844.0,7293.0,15137.0
18,Calabria,7.0,7997.0,7591.0,15588.0
18,Calabria,8.0,8144.0,7722.0,15866.0
18,Calabria,9.0,8329.0,7876.0,16205.0
18,Calabria,10.0,8439.0,7832.0,16271.0
18,Calabria,11.0,8345.0,7990.0,16335.0
18,Calabria,12.0,8790.0,8040.0,16830.0
18,Calabria,13.0,8825.0,8227.0,17052.0
18,Calabria,14.0,8964.0,8588.0,17552.0
18,Calabria,15.0,9248.0,8530.0,17778.0
18,Calabria,16.0,9112.0,8895.0,18007.0
18,Calabria,17.0,9467.0,8739.0,18206.0
18,Calabria,18.0,9869.0,9005.0,18874.0
18,Calabria,19.0,9737.0,8932.0,18669.0
18,Calabria,20.0,10176.0,9175.0,19351.0
18,Calabria,21.0,9933.0,9083.0,19016.0
18,Calabria,22.0,9824.0,8931.0,18755.0
18,Calabria,23.0,9972.0,9331.0,19303.0
18,Calabria,24.0,10277.0,9434.0,19711.0
18,Calabria,25.0,10196.0,9315.0,19511.0
18,Calabria,26.0,10338.0,9411.0,19749.0
18,Calabria,27.0,9942.0,9227.0,19169.0
18,Calabria,28.0,10170.0,9119.0,19289.0
18,Calabria,29.0,10007.0,9354.0,19361.0
18,Calabria,30.0,10291.0,9443.0,19734.0
18,Calabria,31.0,10530.0,9816.0,20346.0
18,Calabria,32.0,10625.0,10226.0,20851.0
18,Calabria,33.0,10718.0,10257.0,20975.0
18,Calabria,34.0,11021.0,10332.0,21353.0
18,Calabria,35.0,11238.0,10643.0,21881.0
18,Calabria,36.0,11291.0,10863.0,22154.0
18,Calabria,37.0,11049.0,10953.0,22002.0
18,Calabria,38.0,11168.0,10860.0,22028.0
18,Calabria,39.0,11205.0,11033.0,22238.0
18,Calabria,40.0,11669.0,11012.0,22681.0
18,Calabria,41.0,11427.0,11204.0,22631.0
18,Calabria,42.0,11608.0,11607.0,23215.0
18,Calabria,43.0,11615.0,11569.0,23184.0
18,Calabria,44.0,11949.0,11844.0,23793.0
18,Calabria,45.0,12105.0,12204.0,24309.0
18,Calabria,46.0,12315.0,12220.0,24535.0
18,Calabria,47.0,12329.0,12952.0,25281.0
18,Calabria,48.0,13016.0,13440.0,26456.0
18,Calabria,49.0,12977.0,13370.0,26347.0
18,Calabria,50.0,13134.0,13658.0,26792.0
18,Calabria,51.0,13037.0,13654.0,26691.0
18,Calabria,52.0,13059.0,13948.0,27007.0
18,Calabria,53.0,13147.0,14184.0,27331.0
18,Calabria,54.0,13059.0,13986.0,27045.0
18,Calabria,55.0,13547.0,14898.0,28445.0
18,Calabria,56.0,13484.0,14582.0,28066.0
18,Calabria,57.0,13612.0,14740.0,28352.0
18,Calabria,58.0,13597.0,14870.0,28467.0
18,Calabria,59.0,13596.0,14664.0,28260.0
18,Calabria,60.0,14118.0,15316.0,29434.0
18,Calabria,61.0,13314.0,14449.0,27763.0
18,Calabria,62.0,13201.0,14431.0,27632.0
18,Calabria,63.0,13002.0,14218.0,27220.0
18,Calabria,64.0,12961.0,13963.0,26924.0
18,Calabria,65.0,12587.0,13574.0,26161.0
18,Calabria,66.0,11564.0,12558.0,24122.0
18,Calabria,67.0,12052.0,12733.0,24785.0
18,Calabria,68.0,11505.0,12361.0,23866.0
18,Calabria,69.0,11328.0,12220.0,23548.0
18,Calabria,70.0,11289.0,11999.0,23288.0
18,Calabria,71.0,10519.0,11256.0,21775.0
18,Calabria,72.0,9757.0,10650.0,20407.0
18,Calabria,73.0,9781.0,10827.0,20608.0
18,Calabria,74.0,9782.0,10899.0,20681.0
18,Calabria,75.0,9676.0,10756.0,20432.0
18,Calabria,76.0,9418.0,10874.0,20292.0
18,Calabria,77.0,8970.0,10279.0,19249.0
18,Calabria,78.0,7908.0,9380.0,17288.0
18,Calabria,79.0,5928.0,7100.0,13028.0
18,Calabria,80.0,5910.0,6862.0,12772.0
18,Calabria,81.0,5352.0,6753.0,12105.0
18,Calabria,82.0,5099.0,6483.0,11582.0
18,Calabria,83.0,4659.0,6136.0,10795.0
18,Calabria,84.0,5032.0,6664.0,11696.0
18,Calabria,85.0,4505.0,6301.0,10806.0
18,Calabria,86.0,3740.0,5708.0,9448.0
18,Calabria,87.0,3443.0,5065.0,8508.0
18,Calabria,88.0,2915.0,4666.0,7581.0
18,Calabria,89.0,2511.0,4169.0,6680.0
18,Calabria,90.0,2129.0,3578.0,5707.0
18,Calabria,91.0,1799.0,3160.0,4959.0
18,Calabria,92.0,1322.0,2700.0,4022.0
18,Calabria,93.0,981.0,2104.0,3085.0
18,Calabria,94.0,791.0,1741.0,2532.0
18,Calabria,95.0,528.0,1257.0,1785.0
18,Calabria,96.0,377.0,913.0,1290.0
18,Calabria,97.0,274.0,672.0,946.0
18,Calabria,98.0,176.0,461.0,637.0
18,Calabria,99.0,119.0,336.0,455.0
18,Calabria,100.0,215.0,603.0,818.0
18,Calabria,999.0,899712.0,932435.0,1832147.0
15,Campania,0.0,21298.0,20036.0,41334.0
15,Campania,1.0,21952.0,20763.0,42715.0
15,Campania,2.0,22792.0,21596.0,44388.0
15,Campania,3.0,22367.0,21106.0,43473.0
15,Campania,4.0,23378.0,21980.0,45358.0
15,Campania,5.0,24125.0,22922.0,47047.0
15,Campania,6.0,24899.0,23222.0,48121.0
15,Campania,7.0,25709.0,24456.0,50165.0
15,Campania,8.0,25918.0,24452.0,50370.0
15,Campania,9.0,26294.0,24826.0,51120.0
15,Campania,10.0,26820.0,24996.0,51816.0
15,Campania,11.0,26992.0,25886.0,52878.0
15,Campania,12.0,28581.0,26635.0,55216.0
15,Campania,13.0,29236.0,27363.0,56599.0
15,Campania,14.0,30205.0,28046.0,58251.0
15,Campania,15.0,30635.0,29093.0,59728.0
15,Campania,16.0,30963.0,29502.0,60465.0
15,Campania,17.0,31802.0,30161.0,61963.0
15,Campania,18.0,32487.0,30028.0,62515.0
15,Campania,19.0,32849.0,30515.0,63364.0
15,Campania,20.0,34012.0,31412.0,65424.0
15,Campania,21.0,33411.0,31444.0,64855.0
15,Campania,22.0,32819.0,30850.0,63669.0
15,Campania,23.0,33403.0,30874.0,64277.0
15,Campania,24.0,33607.0,31217.0,64824.0
15,Campania,25.0,33521.0,30907.0,64428.0
15,Campania,26.0,33233.0,30573.0,63806.0
15,Campania,27.0,32633.0,30420.0,63053.0
15,Campania,28.0,32693.0,30485.0,63178.0
15,Campania,29.0,31773.0,30840.0,62613.0
15,Campania,30.0,32254.0,30961.0,63215.0
15,Campania,31.0,32498.0,31799.0,64297.0
15,Campania,32.0,33940.0,33550.0,67490.0
15,Campania,33.0,33708.0,33376.0,67084.0
15,Campania,34.0,33836.0,33243.0,67079.0
15,Campania,35.0,33709.0,33375.0,67084.0
15,Campania,36.0,34431.0,34324.0,68755.0
15,Campania,37.0,33693.0,33283.0,66976.0
15,Campania,38.0,33466.0,33139.0,66605.0
15,Campania,39.0,34604.0,33931.0,68535.0
15,Campania,40.0,34741.0,35244.0,69985.0
15,Campania,41.0,35290.0,35577.0,70867.0
15,Campania,42.0,36593.0,36222.0,72815.0
15,Campania,43.0,35586.0,36319.0,71905.0
15,Campania,44.0,36484.0,36608.0,73092.0
15,Campania,45.0,36967.0,37772.0,74739.0
15,Campania,46.0,37918.0,38919.0,76837.0
15,Campania,47.0,38630.0,39662.0,78292.0
15,Campania,48.0,39939.0,41225.0,81164.0
15,Campania,49.0,41497.0,42484.0,83981.0
15,Campania,50.0,42367.0,44329.0,86696.0
15,Campania,51.0,41699.0,43928.0,85627.0
15,Campania,52.0,41723.0,44094.0,85817.0
15,Campania,53.0,41741.0,44613.0,86354.0
15,Campania,54.0,41035.0,43793.0,84828.0
15,Campania,55.0,42232.0,44629.0,86861.0
15,Campania,56.0,41859.0,44685.0,86544.0
15,Campania,57.0,42074.0,45355.0,87429.0
15,Campania,58.0,42498.0,45381.0,87879.0
15,Campania,59.0,42357.0,45181.0,87538.0
15,Campania,60.0,43019.0,46034.0,89053.0
15,Campania,61.0,39936.0,43384.0,83320.0
15,Campania,62.0,38638.0,42371.0,81009.0
15,Campania,63.0,37750.0,41286.0,79036.0
15,Campania,64.0,35796.0,39426.0,75222.0
15,Campania,65.0,35343.0,38456.0,73799.0
15,Campania,66.0,33117.0,36421.0,69538.0
15,Campania,67.0,32499.0,35735.0,68234.0
15,Campania,68.0,30535.0,34158.0,64693.0
15,Campania,69.0,30955.0,34068.0,65023.0
15,Campania,70.0,29995.0,33907.0,63902.0
15,Campania,71.0,27392.0,30659.0,58051.0
15,Campania,72.0,26058.0,29380.0,55438.0
15,Campania,73.0,25727.0,29107.0,54834.0
15,Campania,74.0,25519.0,29492.0,55011.0
15,Campania,75.0,24820.0,29213.0,54033.0
15,Campania,76.0,24746.0,29425.0,54171.0
15,Campania,77.0,23110.0,28049.0,51159.0
15,Campania,78.0,22641.0,27567.0,50208.0
15,Campania,79.0,17646.0,21929.0,39575.0
15,Campania,80.0,14353.0,18595.0,32948.0
15,Campania,81.0,14547.0,19854.0,34401.0
15,Campania,82.0,13199.0,18281.0,31480.0
15,Campania,83.0,11809.0,17144.0,28953.0
15,Campania,84.0,12047.0,17809.0,29856.0
15,Campania,85.0,10739.0,16624.0,27363.0
15,Campania,86.0,8947.0,14405.0,23352.0
15,Campania,87.0,7649.0,12646.0,20295.0
15,Campania,88.0,6156.0,10877.0,17033.0
15,Campania,89.0,5411.0,9871.0,15282.0
15,Campania,90.0,4266.0,8274.0,12540.0
15,Campania,91.0,3523.0,7025.0,10548.0
15,Campania,92.0,2670.0,5761.0,8431.0
15,Campania,93.0,2057.0,4685.0,6742.0
15,Campania,94.0,1591.0,3848.0,5439.0
15,Campania,95.0,1006.0,2722.0,3728.0
15,Campania,96.0,664.0,2024.0,2688.0
15,Campania,97.0,425.0,1335.0,1760.0
15,Campania,98.0,265.0,937.0,1202.0
15,Campania,99.0,173.0,688.0,861.0
15,Campania,100.0,294.0,1137.0,1431.0
15,Campania,999.0,2726809.0,2848216.0,5575025.0
08,Emilia-Romagna,0.0,14522.0,13753.0,28275.0
08,Emilia-Romagna,1.0,14930.0,14051.0,28981.0
08,Emilia-Romagna,2.0,15586.0,14790.0,30376.0
08,Emilia-Romagna,3.0,16032.0,14876.0,30908.0
08,Emilia-Romagna,4.0,16151.0,15092.0,31243.0
08,Emilia-Romagna,5.0,16586.0,15896.0,32482.0
08,Emilia-Romagna,6.0,17690.0,16315.0,34005.0
08,Emilia-Romagna,7.0,18261.0,16774.0,35035.0
08,Emilia-Romagna,8.0,18783.0,17720.0,36503.0
08,Emilia-Romagna,9.0,19379.0,18195.0,37574.0
08,Emilia-Romagna,10.0,19725.0,18711.0,38436.0
08,Emilia-Romagna,11.0,20187.0,19177.0,39364.0
08,Emilia-Romagna,12.0,20993.0,19536.0,40529.0
08,Emilia-Romagna,13.0,21231.0,20030.0,41261.0
08,Emilia-Romagna,14.0,22152.0,20532.0,42684.0
08,Emilia-Romagna,15.0,22323.0,21009.0,43332.0
08,Emilia-Romagna,16.0,22394.0,20830.0,43224.0
08,Emilia-Romagna,17.0,22453.0,20768.0,43221.0
08,Emilia-Romagna,18.0,22412.0,20643.0,43055.0
08,Emilia-Romagna,19.0,22525.0,20353.0,42878.0
08,Emilia-Romagna,20.0,22597.0,20514.0,43111.0
08,Emilia-Romagna,21.0,22430.0,19954.0,42384.0
08,Emilia-Romagna,22.0,22698.0,20290.0,42988.0
08,Emilia-Romagna,23.0,22860.0,20559.0,43419.0
08,Emilia-Romagna,24.0,23896.0,21076.0,44972.0
08,Emilia-Romagna,25.0,23725.0,21012.0,44737.0
08,Emilia-Romagna,26.0,24484.0,21001.0,45485.0
08,Emilia-Romagna,27.0,24426.0,21856.0,46282.0
08,Emilia-Romagna,28.0,24453.0,21975.0,46428.0
08,Emilia-Romagna,29.0,24493.0,21976.0,46469.0
08,Emilia-Romagna,30.0,24690.0,22736.0,47426.0
08,Emilia-Romagna,31.0,25091.0,22826.0,47917.0
08,Emilia-Romagna,32.0,26088.0,24243.0,50331.0
08,Emilia-Romagna,33.0,25914.0,23963.0,49877.0
08,Emilia-Romagna,34.0,26023.0,24739.0,50762.0
08,Emilia-Romagna,35.0,25611.0,24597.0,50208.0
08,Emilia-Romagna,36.0,25917.0,24673.0,50590.0
08,Emilia-Romagna,37.0,25094.0,24672.0,49766.0
08,Emilia-Romagna,38.0,25334.0,25020.0,50354.0
08,Emilia-Romagna,39.0,26133.0,25698.0,51831.0
08,Emilia-Romagna,40.0,26372.0,26261.0,52633.0
08,Emilia-Romagna,41.0,26830.0,26743.0,53573.0
08,Emilia-Romagna,42.0,27518.0,27393.0,54911.0
08,Emilia-Romagna,43.0,27650.0,27393.0,55043.0
08,Emilia-Romagna,44.0,28724.0,28315.0,57039.0
08,Emilia-Romagna,45.0,29389.0,29656.0,59045.0
08,Emilia-Romagna,46.0,31390.0,31281.0,62671.0
08,Emilia-Romagna,47.0,32531.0,32726.0,65257.0
08,Emilia-Romagna,48.0,33987.0,34067.0,68054.0
08,Emilia-Romagna,49.0,35574.0,35889.0,71463.0
08,Emilia-Romagna,50.0,37263.0,37145.0,74408.0
08,Emilia-Romagna,51.0,36909.0,37240.0,74149.0
08,Emilia-Romagna,52.0,37181.0,37233.0,74414.0
08,Emilia-Romagna,53.0,37274.0,37424.0,74698.0
08,Emilia-Romagna,54.0,36405.0,37106.0,73511.0
08,Emilia-Romagna,55.0,36734.0,37465.0,74199.0
08,Emilia-Romagna,56.0,36484.0,36894.0,73378.0
08,Emilia-Romagna,57.0,35764.0,36395.0,72159.0
08,Emilia-Romagna,58.0,35945.0,36606.0,72551.0
08,Emilia-Romagna,59.0,35295.0,36112.0,71407.0
08,Emilia-Romagna,60.0,35651.0,36822.0,72473.0
08,Emilia-Romagna,61.0,33114.0,34567.0,67681.0
08,Emilia-Romagna,62.0,31522.0,33531.0,65053.0
08,Emilia-Romagna,63.0,30613.0,32816.0,63429.0
08,Emilia-Romagna,64.0,29408.0,31832.0,61240.0
08,Emilia-Romagna,65.0,28530.0,30849.0,59379.0
08,Emilia-Romagna,66.0,27028.0,29330.0,56358.0
08,Emilia-Romagna,67.0,26534.0,29076.0,55610.0
08,Emilia-Romagna,68.0,25876.0,28420.0,54296.0
08,Emilia-Romagna,69.0,24546.0,27123.0,51669.0
08,Emilia-Romagna,70.0,23430.0,26740.0,50170.0
08,Emilia-Romagna,71.0,22269.0,25270.0,47539.0
08,Emilia-Romagna,72.0,21462.0,25104.0,46566.0
08,Emilia-Romagna,73.0,21076.0,24398.0,45474.0
08,Emilia-Romagna,74.0,21651.0,25587.0,47238.0
08,Emilia-Romagna,75.0,21754.0,25569.0,47323.0
08,Emilia-Romagna,76.0,22572.0,26721.0,49293.0
08,Emilia-Romagna,77.0,22315.0,25931.0,48246.0
08,Emilia-Romagna,78.0,21675.0,26263.0,47938.0
08,Emilia-Romagna,79.0,14715.0,18419.0,33134.0
08,Emilia-Romagna,80.0,16091.0,20115.0,36206.0
08,Emilia-Romagna,81.0,15319.0,19545.0,34864.0
08,Emilia-Romagna,82.0,14223.0,18819.0,33042.0
08,Emilia-Romagna,83.0,13939.0,18737.0,32676.0
08,Emilia-Romagna,84.0,14046.0,19952.0,33998.0
08,Emilia-Romagna,85.0,13018.0,18817.0,31835.0
08,Emilia-Romagna,86.0,12038.0,17605.0,29643.0
08,Emilia-Romagna,87.0,9849.0,14806.0,24655.0
08,Emilia-Romagna,88.0,7841.0,12735.0,20576.0
08,Emilia-Romagna,89.0,7270.0,12294.0,19564.0
08,Emilia-Romagna,90.0,6061.0,10783.0,16844.0
08,Emilia-Romagna,91.0,4694.0,8934.0,13628.0
08,Emilia-Romagna,92.0,3569.0,7324.0,10893.0
08,Emilia-Romagna,93.0,2826.0,6126.0,8952.0
08,Emilia-Romagna,94.0,2155.0,5389.0,7544.0
08,Emilia-Romagna,95.0,1460.0,3916.0,5376.0
08,Emilia-Romagna,96.0,957.0,2850.0,3807.0
08,Emilia-Romagna,97.0,662.0,2202.0,2864.0
08,Emilia-Romagna,98.0,403.0,1534.0,1937.0
08,Emilia-Romagna,99.0,238.0,1069.0,1307.0
08,Emilia-Romagna,100.0,350.0,1742.0,2092.0
08,Emilia-Romagna,999.0,2194241.0,2271437.0,4465678.0
06,Friuli-Venezia Giulia,0.0,3563.0,3384.0,6947.0
06,Friuli-Venezia Giulia,1.0,3594.0,3461.0,7055.0
06,Friuli-Venezia Giulia,2.0,3850.0,3583.0,7433.0
06,Friuli-Venezia Giulia,3.0,3842.0,3673.0,7515.0
06,Friuli-Venezia Giulia,4.0,3976.0,3833.0,7809.0
06,Friuli-Venezia Giulia,5.0,4061.0,3806.0,7867.0
06,Friuli-Venezia Giulia,6.0,4263.0,3980.0,8243.0
06,Friuli-Venezia Giulia,7.0,4446.0,4206.0,8652.0
06,Friuli-Venezia Giulia,8.0,4603.0,4356.0,8959.0
06,Friuli-Venezia Giulia,9.0,4610.0,4447.0,9057.0
06,Friuli-Venezia Giulia,10.0,4974.0,4577.0,9551.0
06,Friuli-Venezia Giulia,11.0,5041.0,4748.0,9789.0
06,Friuli-Venezia Giulia,12.0,5176.0,4947.0,10123.0
06,Friuli-Venezia Giulia,13.0,5435.0,4894.0,10329.0
06,Friuli-Venezia Giulia,14.0,5565.0,5177.0,10742.0
06,Friuli-Venezia Giulia,15.0,5648.0,5304.0,10952.0
06,Friuli-Venezia Giulia,16.0,5633.0,5228.0,10861.0
06,Friuli-Venezia Giulia,17.0,5660.0,5426.0,11086.0
06,Friuli-Venezia Giulia,18.0,5681.0,5392.0,11073.0
06,Friuli-Venezia Giulia,19.0,5828.0,5230.0,11058.0
06,Friuli-Venezia Giulia,20.0,5840.0,5423.0,11263.0
06,Friuli-Venezia Giulia,21.0,5948.0,5242.0,11190.0
06,Friuli-Venezia Giulia,22.0,5903.0,5262.0,11165.0
06,Friuli-Venezia Giulia,23.0,6091.0,5279.0,11370.0
06,Friuli-Venezia Giulia,24.0,6224.0,5623.0,11847.0
06,Friuli-Venezia Giulia,25.0,6100.0,5365.0,11465.0
06,Friuli-Venezia Giulia,26.0,6286.0,5425.0,11711.0
06,Friuli-Venezia Giulia,27.0,6248.0,5373.0,11621.0
06,Friuli-Venezia Giulia,28.0,6350.0,5483.0,11833.0
06,Friuli-Venezia Giulia,29.0,6127.0,5428.0,11555.0
06,Friuli-Venezia Giulia,30.0,6092.0,5413.0,11505.0
06,Friuli-Venezia Giulia,31.0,6195.0,5405.0,11600.0
06,Friuli-Venezia Giulia,32.0,6520.0,5903.0,12423.0
06,Friuli-Venezia Giulia,33.0,6325.0,5936.0,12261.0
06,Friuli-Venezia Giulia,34.0,6440.0,5965.0,12405.0
06,Friuli-Venezia Giulia,35.0,6396.0,5960.0,12356.0
06,Friuli-Venezia Giulia,36.0,6437.0,6136.0,12573.0
06,Friuli-Venezia Giulia,37.0,6189.0,5962.0,12151.0
06,Friuli-Venezia Giulia,38.0,6328.0,6096.0,12424.0
06,Friuli-Venezia Giulia,39.0,6402.0,6400.0,12802.0
06,Friuli-Venezia Giulia,40.0,6748.0,6439.0,13187.0
06,Friuli-Venezia Giulia,41.0,6629.0,6319.0,12948.0
06,Friuli-Venezia Giulia,42.0,6973.0,6821.0,13794.0
06,Friuli-Venezia Giulia,43.0,7064.0,6769.0,13833.0
06,Friuli-Venezia Giulia,44.0,7326.0,6979.0,14305.0
06,Friuli-Venezia Giulia,45.0,7524.0,7145.0,14669.0
06,Friuli-Venezia Giulia,46.0,8194.0,7804.0,15998.0
06,Friuli-Venezia Giulia,47.0,8248.0,8034.0,16282.0
06,Friuli-Venezia Giulia,48.0,8591.0,8592.0,17183.0
06,Friuli-Venezia Giulia,49.0,9096.0,9039.0,18135.0
06,Friuli-Venezia Giulia,50.0,9733.0,9770.0,19503.0
06,Friuli-Venezia Giulia,51.0,9509.0,9754.0,19263.0
06,Friuli-Venezia Giulia,52.0,9855.0,9934.0,19789.0
06,Friuli-Venezia Giulia,53.0,9899.0,10012.0,19911.0
06,Friuli-Venezia Giulia,54.0,9793.0,10226.0,20019.0
06,Friuli-Venezia Giulia,55.0,10081.0,10038.0,20119.0
06,Friuli-Venezia Giulia,56.0,10010.0,9986.0,19996.0
06,Friuli-Venezia Giulia,57.0,9947.0,10261.0,20208.0
06,Friuli-Venezia Giulia,58.0,9975.0,10248.0,20223.0
06,Friuli-Venezia Giulia,59.0,10116.0,10255.0,20371.0
06,Friuli-Venezia Giulia,60.0,10203.0,10413.0,20616.0
06,Friuli-Venezia Giulia,61.0,9514.0,9957.0,19471.0
06,Friuli-Venezia Giulia,62.0,9022.0,9419.0,18441.0
06,Friuli-Venezia Giulia,63.0,8868.0,9092.0,17960.0
06,Friuli-Venezia Giulia,64.0,8487.0,8648.0,17135.0
06,Friuli-Venezia Giulia,65.0,8220.0,8688.0,16908.0
06,Friuli-Venezia Giulia,66.0,7575.0,8226.0,15801.0
06,Friuli-Venezia Giulia,67.0,7241.0,8091.0,15332.0
06,Friuli-Venezia Giulia,68.0,7291.0,7787.0,15078.0
06,Friuli-Venezia Giulia,69.0,7003.0,7642.0,14645.0
06,Friuli-Venezia Giulia,70.0,6762.0,7592.0,14354.0
06,Friuli-Venezia Giulia,71.0,6603.0,7508.0,14111.0
06,Friuli-Venezia Giulia,72.0,6322.0,7489.0,13811.0
06,Friuli-Venezia Giulia,73.0,6203.0,7355.0,13558.0
06,Friuli-Venezia Giulia,74.0,6559.0,7737.0,14296.0
06,Friuli-Venezia Giulia,75.0,6447.0,7550.0,13997.0
06,Friuli-Venezia Giulia,76.0,6763.0,7909.0,14672.0
06,Friuli-Venezia Giulia,77.0,6489.0,7923.0,14412.0
06,Friuli-Venezia Giulia,78.0,6737.0,8161.0,14898.0
06,Friuli-Venezia Giulia,79.0,4428.0,5479.0,9907.0
06,Friuli-Venezia Giulia,80.0,5023.0,6477.0,11500.0
06,Friuli-Venezia Giulia,81.0,4750.0,6274.0,11024.0
06,Friuli-Venezia Giulia,82.0,4543.0,6318.0,10861.0
06,Friuli-Venezia Giulia,83.0,4408.0,6127.0,10535.0
06,Friuli-Venezia Giulia,84.0,4351.0,6164.0,10515.0
06,Friuli-Venezia Giulia,85.0,3745.0,5724.0,9469.0
06,Friuli-Venezia Giulia,86.0,3345.0,5189.0,8534.0
06,Friuli-Venezia Giulia,87.0,2781.0,4460.0,7241.0
06,Friuli-Venezia Giulia,88.0,2179.0,3924.0,6103.0
06,Friuli-Venezia Giulia,89.0,1869.0,3502.0,5371.0
06,Friuli-Venezia Giulia,90.0,1426.0,3021.0,4447.0
06,Friuli-Venezia Giulia,91.0,1161.0,2504.0,3665.0
06,Friuli-Venezia Giulia,92.0,929.0,2191.0,3120.0
06,Friuli-Venezia Giulia,93.0,743.0,1845.0,2588.0
06,Friuli-Venezia Giulia,94.0,571.0,1613.0,2184.0
06,Friuli-Venezia Giulia,95.0,320.0,1184.0,1504.0
06,Friuli-Venezia Giulia,96.0,254.0,877.0,1131.0
06,Friuli-Venezia Giulia,97.0,153.0,683.0,836.0
06,Friuli-Venezia Giulia,98.0,97.0,521.0,618.0
06,Friuli-Venezia Giulia,99.0,73.0,355.0,428.0
06,Friuli-Venezia Giulia,100.0,99.0,562.0,661.0
06,Friuli-Venezia Giulia,999.0,584758.0,609337.0,1194095.0
12,Lazio,0.0,17743.0,16704.0,34447.0
12,Lazio,1.0,17929.0,16885.0,34814.0
12,Lazio,2.0,19141.0,18079.0,37220.0
12,Lazio,3.0,19908.0,18926.0,38834.0
12,Lazio,4.0,20193.0,19327.0,39520.0
12,Lazio,5.0,21420.0,20013.0,41433.0
12,Lazio,6.0,22654.0,21417.0,44071.0
12,Lazio,7.0,23642.0,22220.0,45862.0
12,Lazio,8.0,24683.0,23369.0,48052.0
12,Lazio,9.0,25045.0,24137.0,49182.0
12,Lazio,10.0,26368.0,24618.0,50986.0
12,Lazio,11.0,26591.0,25032.0,51623.0
12,Lazio,12.0,28036.0,26536.0,54572.0
12,Lazio,13.0,28184.0,26564.0,54748.0
12,Lazio,14.0,28900.0,27073.0,55973.0
12,Lazio,15.0,29063.0,27042.0,56105.0
12,Lazio,16.0,29061.0,27757.0,56818.0
12,Lazio,17.0,29493.0,27467.0,56960.0
12,Lazio,18.0,29331.0,27473.0,56804.0
12,Lazio,19.0,28806.0,26662.0,55468.0
12,Lazio,20.0,29146.0,26900.0,56046.0
12,Lazio,21.0,28520.0,26434.0,54954.0
12,Lazio,22.0,28075.0,26034.0,54109.0
12,Lazio,23.0,28396.0,26057.0,54453.0
12,Lazio,24.0,29184.0,26392.0,55576.0
12,Lazio,25.0,28793.0,26084.0,54877.0
12,Lazio,26.0,29608.0,26493.0,56101.0
12,Lazio,27.0,29464.0,26561.0,56025.0
12,Lazio,28.0,29706.0,26991.0,56697.0
12,Lazio,29.0,30187.0,27142.0,57329.0
12,Lazio,30.0,30337.0,27898.0,58235.0
12,Lazio,31.0,30345.0,28758.0,59103.0
12,Lazio,32.0,31905.0,30225.0,62130.0
12,Lazio,33.0,31509.0,30146.0,61655.0
12,Lazio,34.0,32700.0,31285.0,63985.0
12,Lazio,35.0,32509.0,31442.0,63951.0
12,Lazio,36.0,33550.0,32660.0,66210.0
12,Lazio,37.0,33044.0,32779.0,65823.0
12,Lazio,38.0,33136.0,32632.0,65768.0
12,Lazio,39.0,34429.0,34127.0,68556.0
12,Lazio,40.0,35554.0,35032.0,70586.0
12,Lazio,41.0,36188.0,35790.0,71978.0
12,Lazio,42.0,37369.0,37508.0,74877.0
12,Lazio,43.0,37394.0,38053.0,75447.0
12,Lazio,44.0,37954.0,38516.0,76470.0
12,Lazio,45.0,38982.0,39982.0,78964.0
12,Lazio,46.0,40866.0,42114.0,82980.0
12,Lazio,47.0,41511.0,42858.0,84369.0
12,Lazio,48.0,42941.0,44969.0,87910.0
12,Lazio,49.0,45097.0,47291.0,92388.0
12,Lazio,50.0,46585.0,49537.0,96122.0
12,Lazio,51.0,46406.0,49261.0,95667.0
12,Lazio,52.0,46865.0,49835.0,96700.0
12,Lazio,53.0,46666.0,49938.0,96604.0
12,Lazio,54.0,46452.0,49494.0,95946.0
12,Lazio,55.0,46934.0,50359.0,97293.0
12,Lazio,56.0,46173.0,49638.0,95811.0
12,Lazio,57.0,46068.0,50006.0,96074.0
12,Lazio,58.0,46602.0,49593.0,96195.0
12,Lazio,59.0,46316.0,49415.0,95731.0
12,Lazio,60.0,46607.0,50306.0,96913.0
12,Lazio,61.0,43311.0,47122.0,90433.0
12,Lazio,62.0,41260.0,44889.0,86149.0
12,Lazio,63.0,39835.0,43542.0,83377.0
12,Lazio,64.0,37781.0,41841.0,79622.0
12,Lazio,65.0,36134.0,40297.0,76431.0
12,Lazio,66.0,34164.0,38446.0,72610.0
12,Lazio,67.0,33321.0,37776.0,71097.0
12,Lazio,68.0,32439.0,36502.0,68941.0
12,Lazio,69.0,31514.0,35868.0,67382.0
12,Lazio,70.0,30428.0,35221.0,65649.0
12,Lazio,71.0,28349.0,32980.0,61329.0
12,Lazio,72.0,27268.0,32020.0,59288.0
12,Lazio,73.0,26505.0,31609.0,58114.0
12,Lazio,74.0,26864.0,32117.0,58981.0
12,Lazio,75.0,26366.0,31782.0,58148.0
12,Lazio,76.0,26970.0,33346.0,60316.0
12,Lazio,77.0,26321.0,32384.0,58705.0
12,Lazio,78.0,24425.0,31244.0,55669.0
12,Lazio,79.0,18411.0,24120.0,42531.0
12,Lazio,80.0,17882.0,23671.0,41553.0
12,Lazio,81.0,17675.0,24361.0,42036.0
12,Lazio,82.0,16481.0,22984.0,39465.0
12,Lazio,83.0,15869.0,22545.0,38414.0
12,Lazio,84.0,16186.0,24026.0,40212.0
12,Lazio,85.0,14600.0,22000.0,36600.0
12,Lazio,86.0,12740.0,20147.0,32887.0
12,Lazio,87.0,10775.0,17472.0,28247.0
12,Lazio,88.0,8835.0,15066.0,23901.0
12,Lazio,89.0,7889.0,13653.0,21542.0
12,Lazio,90.0,6302.0,11840.0,18142.0
12,Lazio,91.0,4888.0,9897.0,14785.0
12,Lazio,92.0,3786.0,8018.0,11804.0
12,Lazio,93.0,3037.0,6610.0,9647.0
12,Lazio,94.0,2340.0,5745.0,8085.0
12,Lazio,95.0,1522.0,3995.0,5517.0
12,Lazio,96.0,972.0,3041.0,4013.0
12,Lazio,97.0,650.0,2235.0,2885.0
12,Lazio,98.0,426.0,1583.0,2009.0
12,Lazio,99.0,254.0,1078.0,1332.0
12,Lazio,100.0,431.0,1893.0,2324.0
12,Lazio,999.0,2771470.0,2938802.0,5710272.0
07,Liguria,0.0,4372.0,4083.0,8455.0
07,Liguria,1.0,4429.0,4085.0,8514.0
07,Liguria,2.0,4580.0,4201.0,8781.0
07,Liguria,3.0,4603.0,4351.0,8954.0
07,Liguria,4.0,4779.0,4606.0,9385.0
07,Liguria,5.0,4838.0,4563.0,9401.0
07,Liguria,6.0,5031.0,4736.0,9767.0
07,Liguria,7.0,5454.0,5045.0,10499.0
07,Liguria,8.0,5519.0,5104.0,10623.0
07,Liguria,9.0,5660.0,5316.0,10976.0
07,Liguria,10.0,6007.0,5532.0,11539.0
07,Liguria,11.0,6050.0,5592.0,11642.0
07,Liguria,12.0,6328.0,5959.0,12287.0
07,Liguria,13.0,6265.0,5883.0,12148.0
07,Liguria,14.0,6429.0,6203.0,12632.0
07,Liguria,15.0,6714.0,6492.0,13206.0
07,Liguria,16.0,6884.0,6582.0,13466.0
07,Liguria,17.0,7006.0,6216.0,13222.0
07,Liguria,18.0,6955.0,6545.0,13500.0
07,Liguria,19.0,7219.0,6378.0,13597.0
07,Liguria,20.0,7272.0,6562.0,13834.0
07,Liguria,21.0,7189.0,6407.0,13596.0
07,Liguria,22.0,7373.0,6593.0,13966.0
07,Liguria,23.0,7393.0,6739.0,14132.0
07,Liguria,24.0,7612.0,6800.0,14412.0
07,Liguria,25.0,7826.0,6629.0,14455.0
07,Liguria,26.0,8014.0,6729.0,14743.0
07,Liguria,27.0,7779.0,6821.0,14600.0
07,Liguria,28.0,8038.0,6880.0,14918.0
07,Liguria,29.0,7702.0,6801.0,14503.0
07,Liguria,30.0,7681.0,6938.0,14619.0
07,Liguria,31.0,7822.0,7184.0,15006.0
07,Liguria,32.0,8018.0,7248.0,15266.0
07,Liguria,33.0,7891.0,7378.0,15269.0
07,Liguria,34.0,7981.0,7376.0,15357.0
07,Liguria,35.0,7832.0,7580.0,15412.0
07,Liguria,36.0,7994.0,7730.0,15724.0
07,Liguria,37.0,8020.0,7311.0,15331.0
07,Liguria,38.0,7794.0,7319.0,15113.0
07,Liguria,39.0,7962.0,7589.0,15551.0
07,Liguria,40.0,7994.0,7627.0,15621.0
07,Liguria,41.0,8180.0,7738.0,15918.0
07,Liguria,42.0,8115.0,7791.0,15906.0
07,Liguria,43.0,8307.0,8176.0,16483.0
07,Liguria,44.0,8187.0,8184.0,16371.0
07,Liguria,45.0,8400.0,8706.0,17106.0
07,Liguria,46.0,8951.0,9420.0,18371.0
07,Liguria,47.0,9458.0,9796.0,19254.0
07,Liguria,48.0,10163.0,10269.0,20432.0
07,Liguria,49.0,10796.0,11062.0,21858.0
07,Liguria,50.0,11323.0,11851.0,23174.0
07,Liguria,51.0,11623.0,11839.0,23462.0
07,Liguria,52.0,12206.0,12452.0,24658.0
07,Liguria,53.0,12328.0,12540.0,24868.0
07,Liguria,54.0,12231.0,12737.0,24968.0
07,Liguria,55.0,12512.0,13024.0,25536.0
07,Liguria,56.0,12628.0,13097.0,25725.0
07,Liguria,57.0,12259.0,13179.0,25438.0
07,Liguria,58.0,12901.0,13534.0,26435.0
07,Liguria,59.0,13114.0,13737.0,26851.0
07,Liguria,60.0,13256.0,13718.0,26974.0
07,Liguria,61.0,12180.0,13068.0,25248.0
07,Liguria,62.0,11710.0,12556.0,24266.0
07,Liguria,63.0,11253.0,12120.0,23373.0
07,Liguria,64.0,10895.0,11671.0,22566.0
07,Liguria,65.0,10699.0,11541.0,22240.0
07,Liguria,66.0,10089.0,11100.0,21189.0
07,Liguria,67.0,10037.0,10763.0,20800.0
07,Liguria,68.0,9608.0,10485.0,20093.0
07,Liguria,69.0,9128.0,10216.0,19344.0
07,Liguria,70.0,9093.0,10147.0,19240.0
07,Liguria,71.0,8565.0,9738.0,18303.0
07,Liguria,72.0,8234.0,9394.0,17628.0
07,Liguria,73.0,7979.0,9466.0,17445.0
07,Liguria,74.0,8517.0,9908.0,18425.0
07,Liguria,75.0,8252.0,10084.0,18336.0
07,Liguria,76.0,8702.0,10482.0,19184.0
07,Liguria,77.0,8615.0,10736.0,19351.0
07,Liguria,78.0,8355.0,10835.0,19190.0
07,Liguria,79.0,5892.0,7630.0,13522.0
07,Liguria,80.0,6393.0,8519.0,14912.0
07,Liguria,81.0,5952.0,8106.0,14058.0
07,Liguria,82.0,5756.0,8208.0,13964.0
07,Liguria,83.0,5704.0,8209.0,13913.0
07,Liguria,84.0,5727.0,8607.0,14334.0
07,Liguria,85.0,5263.0,8028.0,13291.0
07,Liguria,86.0,4627.0,7472.0,12099.0
07,Liguria,87.0,3940.0,6622.0,10562.0
07,Liguria,88.0,3196.0,5672.0,8868.0
07,Liguria,89.0,2768.0,5217.0,7985.0
07,Liguria,90.0,2284.0,4513.0,6797.0
07,Liguria,91.0,1804.0,3830.0,5634.0
07,Liguria,92.0,1502.0,3485.0,4987.0
07,Liguria,93.0,1081.0,2868.0,3949.0
07,Liguria,94.0,875.0,2516.0,3391.0
07,Liguria,95.0,589.0,1758.0,2347.0
07,Liguria,96.0,419.0,1306.0,1725.0
07,Liguria,97.0,271.0,944.0,1215.0
07,Liguria,98.0,168.0,677.0,845.0
07,Liguria,99.0,106.0,476.0,582.0
07,Liguria,100.0,139.0,758.0,897.0
07,Liguria,999.0,731614.0,778294.0,1509908.0
03,Lombardia,0.0,33319.0,31718.0,65037.0
03,Lombardia,1.0,34342.0,32130.0,66472.0
03,Lombardia,2.0,35707.0,33372.0,69079.0
03,Lombardia,3.0,36538.0,34600.0,71138.0
03,Lombardia,4.0,36987.0,34875.0,71862.0
03,Lombardia,5.0,38921.0,37142.0,76063.0
03,Lombardia,6.0,40827.0,38267.0,79094.0
03,Lombardia,7.0,42554.0,39779.0,82333.0
03,Lombardia,8.0,43492.0,41496.0,84988.0
03,Lombardia,9.0,45517.0,42524.0,88041.0
03,Lombardia,10.0,46210.0,43714.0,89924.0
03,Lombardia,11.0,47262.0,43998.0,91260.0
03,Lombardia,12.0,48586.0,45822.0,94408.0
03,Lombardia,13.0,49684.0,46524.0,96208.0
03,Lombardia,14.0,51398.0,47547.0,98945.0
03,Lombardia,15.0,52219.0,49038.0,101257.0
03,Lombardia,16.0,52570.0,49163.0,101733.0
03,Lombardia,17.0,52078.0,48435.0,100513.0
03,Lombardia,18.0,52812.0,48640.0,101452.0
03,Lombardia,19.0,52239.0,47702.0,99941.0
03,Lombardia,20.0,53089.0,48647.0,101736.0
03,Lombardia,21.0,52511.0,47340.0,99851.0
03,Lombardia,22.0,52482.0,47016.0,99498.0
03,Lombardia,23.0,53359.0,48125.0,101484.0
03,Lombardia,24.0,54889.0,49106.0,103995.0
03,Lombardia,25.0,54894.0,48741.0,103635.0
03,Lombardia,26.0,56311.0,49248.0,105559.0
03,Lombardia,27.0,55974.0,49877.0,105851.0
03,Lombardia,28.0,55712.0,50632.0,106344.0
03,Lombardia,29.0,55393.0,50819.0,106212.0
03,Lombardia,30.0,55810.0,51930.0,107740.0
03,Lombardia,31.0,56272.0,53048.0,109320.0
03,Lombardia,32.0,58246.0,54631.0,112877.0
03,Lombardia,33.0,57742.0,55127.0,112869.0
03,Lombardia,34.0,58984.0,56426.0,115410.0
03,Lombardia,35.0,58585.0,56693.0,115278.0
03,Lombardia,36.0,60471.0,57616.0,118087.0
03,Lombardia,37.0,58720.0,56707.0,115427.0
03,Lombardia,38.0,58587.0,56691.0,115278.0
03,Lombardia,39.0,59974.0,58212.0,118186.0
03,Lombardia,40.0,61005.0,59123.0,120128.0
03,Lombardia,41.0,62189.0,60589.0,122778.0
03,Lombardia,42.0,64279.0,62580.0,126859.0
03,Lombardia,43.0,64305.0,62745.0,127050.0
03,Lombardia,44.0,65218.0,64054.0,129272.0
03,Lombardia,45.0,66696.0,65398.0,132094.0
03,Lombardia,46.0,70505.0,68803.0,139308.0
03,Lombardia,47.0,73241.0,71652.0,144893.0
03,Lombardia,48.0,75745.0,74333.0,150078.0
03,Lombardia,49.0,80580.0,79272.0,159852.0
03,Lombardia,50.0,83005.0,81129.0,164134.0
03,Lombardia,51.0,82233.0,81529.0,163762.0
03,Lombardia,52.0,83151.0,81825.0,164976.0
03,Lombardia,53.0,83301.0,81406.0,164707.0
03,Lombardia,54.0,82169.0,81121.0,163290.0
03,Lombardia,55.0,83549.0,83259.0,166808.0
03,Lombardia,56.0,83236.0,82445.0,165681.0
03,Lombardia,57.0,82326.0,82559.0,164885.0
03,Lombardia,58.0,83831.0,83556.0,167387.0
03,Lombardia,59.0,82493.0,83021.0,165514.0
03,Lombardia,60.0,81834.0,82205.0,164039.0
03,Lombardia,61.0,75243.0,77281.0,152524.0
03,Lombardia,62.0,70633.0,73497.0,144130.0
03,Lombardia,63.0,68106.0,71100.0,139206.0
03,Lombardia,64.0,65098.0,68576.0,133674.0
03,Lombardia,65.0,62277.0,66800.0,129077.0
03,Lombardia,66.0,59000.0,63160.0,122160.0
03,Lombardia,67.0,57240.0,61933.0,119173.0
03,Lombardia,68.0,55818.0,60654.0,116472.0
03,Lombardia,69.0,53015.0,59464.0,112479.0
03,Lombardia,70.0,51814.0,57620.0,109434.0
03,Lombardia,71.0,49539.0,55299.0,104838.0
03,Lombardia,72.0,48473.0,55164.0,103637.0
03,Lombardia,73.0,47143.0,54813.0,101956.0
03,Lombardia,74.0,48542.0,56313.0,104855.0
03,Lombardia,75.0,48044.0,56392.0,104436.0
03,Lombardia,76.0,48826.0,58157.0,106983.0
03,Lombardia,77.0,46062.0,55764.0,101826.0
03,Lombardia,78.0,46226.0,56682.0,102908.0
03,Lombardia,79.0,32754.0,41286.0,74040.0
03,Lombardia,80.0,33585.0,43727.0,77312.0
03,Lombardia,81.0,31431.0,42467.0,73898.0
03,Lombardia,82.0,30695.0,42358.0,73053.0
03,Lombardia,83.0,29379.0,42144.0,71523.0
03,Lombardia,84.0,30168.0,43921.0,74089.0
03,Lombardia,85.0,27543.0,40969.0,68512.0
03,Lombardia,86.0,24262.0,37861.0,62123.0
03,Lombardia,87.0,19561.0,32012.0,51573.0
03,Lombardia,88.0,15495.0,27265.0,42760.0
03,Lombardia,89.0,13620.0,25602.0,39222.0
03,Lombardia,90.0,10685.0,21690.0,32375.0
03,Lombardia,91.0,8302.0,18232.0,26534.0
03,Lombardia,92.0,6453.0,15651.0,22104.0
03,Lombardia,93.0,4889.0,12880.0,17769.0
03,Lombardia,94.0,3726.0,10641.0,14367.0
03,Lombardia,95.0,2345.0,7945.0,10290.0
03,Lombardia,96.0,1602.0,5774.0,7376.0
03,Lombardia,97.0,1061.0,4176.0,5237.0
03,Lombardia,98.0,680.0,2937.0,3617.0
03,Lombardia,99.0,423.0,1954.0,2377.0
03,Lombardia,100.0,475.0,3207.0,3682.0
03,Lombardia,999.0,4946391.0,5089090.0,10035481.0
11,Marche,0.0,4274.0,4049.0,8323.0
11,Marche,1.0,4547.0,4335.0,8882.0
11,Marche,2.0,4590.0,4385.0,8975.0
11,Marche,3.0,4842.0,4728.0,9570.0
11,Marche,4.0,5084.0,4743.0,9827.0
11,Marche,5.0,5260.0,4815.0,10075.0
11,Marche,6.0,5381.0,5111.0,10492.0
11,Marche,7.0,5693.0,5366.0,11059.0
11,Marche,8.0,6107.0,5641.0,11748.0
11,Marche,9.0,6169.0,5972.0,12141.0
11,Marche,10.0,6433.0,6008.0,12441.0
11,Marche,11.0,6689.0,6143.0,12832.0
11,Marche,12.0,6713.0,6351.0,13064.0
11,Marche,13.0,7008.0,6698.0,13706.0
11,Marche,14.0,7165.0,6711.0,13876.0
11,Marche,15.0,7368.0,6893.0,14261.0
11,Marche,16.0,7475.0,6895.0,14370.0
11,Marche,17.0,7393.0,6865.0,14258.0
11,Marche,18.0,7282.0,6772.0,14054.0
11,Marche,19.0,7446.0,6812.0,14258.0
11,Marche,20.0,7711.0,6765.0,14476.0
11,Marche,21.0,7518.0,6822.0,14340.0
11,Marche,22.0,7726.0,6795.0,14521.0
11,Marche,23.0,7577.0,6864.0,14441.0
11,Marche,24.0,8100.0,7025.0,15125.0
11,Marche,25.0,8012.0,6989.0,15001.0
11,Marche,26.0,8225.0,6967.0,15192.0
11,Marche,27.0,8041.0,6944.0,14985.0
11,Marche,28.0,7980.0,6894.0,14874.0
11,Marche,29.0,7922.0,6944.0,14866.0
11,Marche,30.0,7755.0,6845.0,14600.0
11,Marche,31.0,7787.0,7105.0,14892.0
11,Marche,32.0,8189.0,7309.0,15498.0
11,Marche,33.0,8053.0,7336.0,15389.0
11,Marche,34.0,8185.0,7606.0,15791.0
11,Marche,35.0,7976.0,7548.0,15524.0
11,Marche,36.0,8114.0,7892.0,16006.0
11,Marche,37.0,8040.0,7721.0,15761.0
11,Marche,38.0,8238.0,7977.0,16215.0
11,Marche,39.0,8279.0,8300.0,16579.0
11,Marche,40.0,8500.0,8331.0,16831.0
11,Marche,41.0,8722.0,8695.0,17417.0
11,Marche,42.0,9073.0,8944.0,18017.0
11,Marche,43.0,9076.0,9026.0,18102.0
11,Marche,44.0,9486.0,9408.0,18894.0
11,Marche,45.0,9728.0,9877.0,19605.0
11,Marche,46.0,10424.0,10357.0,20781.0
11,Marche,47.0,10539.0,10834.0,21373.0
11,Marche,48.0,10966.0,10986.0,21952.0
11,Marche,49.0,11394.0,11669.0,23063.0
11,Marche,50.0,11783.0,11809.0,23592.0
11,Marche,51.0,11500.0,11716.0,23216.0
11,Marche,52.0,11626.0,11761.0,23387.0
11,Marche,53.0,11880.0,12205.0,24085.0
11,Marche,54.0,11578.0,11725.0,23303.0
11,Marche,55.0,11792.0,12371.0,24163.0
11,Marche,56.0,11728.0,12096.0,23824.0
11,Marche,57.0,11646.0,12168.0,23814.0
11,Marche,58.0,11729.0,12184.0,23913.0
11,Marche,59.0,11717.0,12026.0,23743.0
11,Marche,60.0,12013.0,12479.0,24492.0
11,Marche,61.0,11191.0,11816.0,23007.0
11,Marche,62.0,10806.0,11058.0,21864.0
11,Marche,63.0,10764.0,11264.0,22028.0
11,Marche,64.0,10297.0,10923.0,21220.0
11,Marche,65.0,9878.0,10664.0,20542.0
11,Marche,66.0,9551.0,10277.0,19828.0
11,Marche,67.0,9181.0,10188.0,19369.0
11,Marche,68.0,9177.0,10250.0,19427.0
11,Marche,69.0,8716.0,9802.0,18518.0
11,Marche,70.0,8495.0,9255.0,17750.0
11,Marche,71.0,8161.0,9062.0,17223.0
11,Marche,72.0,8122.0,8873.0,16995.0
11,Marche,73.0,8007.0,8988.0,16995.0
11,Marche,74.0,8083.0,9119.0,17202.0
11,Marche,75.0,7686.0,8809.0,16495.0
11,Marche,76.0,7816.0,9039.0,16855.0
11,Marche,77.0,7408.0,8641.0,16049.0
11,Marche,78.0,7070.0,8637.0,15707.0
11,Marche,79.0,5718.0,6919.0,12637.0
11,Marche,80.0,5265.0,6696.0,11961.0
11,Marche,81.0,5407.0,6888.0,12295.0
11,Marche,82.0,4823.0,6397.0,11220.0
11,Marche,83.0,4578.0,6379.0,10957.0
11,Marche,84.0,4901.0,7018.0,11919.0
11,Marche,85.0,4790.0,6795.0,11585.0
11,Marche,86.0,4320.0,6588.0,10908.0
11,Marche,87.0,3636.0,5435.0,9071.0
11,Marche,88.0,2902.0,4803.0,7705.0
11,Marche,89.0,2657.0,4573.0,7230.0
11,Marche,90.0,2111.0,3868.0,5979.0
11,Marche,91.0,1656.0,3343.0,4999.0
11,Marche,92.0,1232.0,2626.0,3858.0
11,Marche,93.0,1003.0,2349.0,3352.0
11,Marche,94.0,700.0,1892.0,2592.0
11,Marche,95.0,500.0,1320.0,1820.0
11,Marche,96.0,355.0,1003.0,1358.0
11,Marche,97.0,238.0,793.0,1031.0
11,Marche,98.0,127.0,574.0,701.0
11,Marche,99.0,85.0,378.0,463.0
11,Marche,100.0,113.0,569.0,682.0
11,Marche,999.0,726773.0,754479.0,1481252.0
14,Molise,0.0,824.0,768.0,1592.0
14,Molise,1.0,876.0,784.0,1660.0
14,Molise,2.0,860.0,814.0,1674.0
14,Molise,3.0,847.0,834.0,1681.0
14,Molise,4.0,950.0,802.0,1752.0
14,Molise,5.0,1001.0,952.0,1953.0
14,Molise,6.0,987.0,958.0,1945.0
14,Molise,7.0,1104.0,1003.0,2107.0
14,Molise,8.0,1056.0,1030.0,2086.0
14,Molise,9.0,1141.0,1023.0,2164.0
14,Molise,10.0,1175.0,1019.0,2194.0
14,Molise,11.0,1151.0,1079.0,2230.0
14,Molise,12.0,1198.0,1083.0,2281.0
14,Molise,13.0,1191.0,1163.0,2354.0
14,Molise,14.0,1312.0,1185.0,2497.0
14,Molise,15.0,1208.0,1115.0,2323.0
14,Molise,16.0,1346.0,1183.0,2529.0
14,Molise,17.0,1333.0,1236.0,2569.0
14,Molise,18.0,1358.0,1218.0,2576.0
14,Molise,19.0,1452.0,1250.0,2702.0
14,Molise,20.0,1535.0,1205.0,2740.0
14,Molise,21.0,1495.0,1278.0,2773.0
14,Molise,22.0,1499.0,1338.0,2837.0
14,Molise,23.0,1510.0,1331.0,2841.0
14,Molise,24.0,1557.0,1392.0,2949.0
14,Molise,25.0,1695.0,1432.0,3127.0
14,Molise,26.0,1736.0,1388.0,3124.0
14,Molise,27.0,1682.0,1360.0,3042.0
14,Molise,28.0,1604.0,1401.0,3005.0
14,Molise,29.0,1615.0,1432.0,3047.0
14,Molise,30.0,1722.0,1386.0,3108.0
14,Molise,31.0,1687.0,1466.0,3153.0
14,Molise,32.0,1740.0,1575.0,3315.0
14,Molise,33.0,1726.0,1467.0,3193.0
14,Molise,34.0,1710.0,1513.0,3223.0
14,Molise,35.0,1655.0,1506.0,3161.0
14,Molise,36.0,1728.0,1540.0,3268.0
14,Molise,37.0,1741.0,1494.0,3235.0
14,Molise,38.0,1698.0,1497.0,3195.0
14,Molise,39.0,1722.0,1629.0,3351.0
14,Molise,40.0,1733.0,1587.0,3320.0
14,Molise,41.0,1749.0,1605.0,3354.0
14,Molise,42.0,1790.0,1717.0,3507.0
14,Molise,43.0,1814.0,1734.0,3548.0
14,Molise,44.0,1777.0,1736.0,3513.0
14,Molise,45.0,1889.0,1831.0,3720.0
14,Molise,46.0,1913.0,1901.0,3814.0
14,Molise,47.0,1946.0,1927.0,3873.0
14,Molise,48.0,2126.0,1928.0,4054.0
14,Molise,49.0,2219.0,2121.0,4340.0
14,Molise,50.0,2268.0,2202.0,4470.0
14,Molise,51.0,2107.0,2177.0,4284.0
14,Molise,52.0,2154.0,2232.0,4386.0
14,Molise,53.0,2163.0,2205.0,4368.0
14,Molise,54.0,2177.0,2220.0,4397.0
14,Molise,55.0,2241.0,2360.0,4601.0
14,Molise,56.0,2268.0,2362.0,4630.0
14,Molise,57.0,2286.0,2431.0,4717.0
14,Molise,58.0,2330.0,2470.0,4800.0
14,Molise,59.0,2387.0,2395.0,4782.0
14,Molise,60.0,2453.0,2476.0,4929.0
14,Molise,61.0,2280.0,2274.0,4554.0
14,Molise,62.0,2166.0,2272.0,4438.0
14,Molise,63.0,2200.0,2190.0,4390.0
14,Molise,64.0,2191.0,2291.0,4482.0
14,Molise,65.0,2047.0,2239.0,4286.0
14,Molise,66.0,1893.0,2148.0,4041.0
14,Molise,67.0,1946.0,2064.0,4010.0
14,Molise,68.0,1979.0,2021.0,4000.0
14,Molise,69.0,1882.0,2029.0,3911.0
14,Molise,70.0,1836.0,2044.0,3880.0
14,Molise,71.0,1713.0,1838.0,3551.0
14,Molise,72.0,1749.0,1945.0,3694.0
14,Molise,73.0,1617.0,1757.0,3374.0
14,Molise,74.0,1668.0,1857.0,3525.0
14,Molise,75.0,1745.0,1924.0,3669.0
14,Molise,76.0,1655.0,1840.0,3495.0
14,Molise,77.0,1502.0,1746.0,3248.0
14,Molise,78.0,1435.0,1555.0,2990.0
14,Molise,79.0,1043.0,1243.0,2286.0
14,Molise,80.0,979.0,1195.0,2174.0
14,Molise,81.0,880.0,1130.0,2010.0
14,Molise,82.0,835.0,1067.0,1902.0
14,Molise,83.0,829.0,1201.0,2030.0
14,Molise,84.0,913.0,1295.0,2208.0
14,Molise,85.0,868.0,1339.0,2207.0
14,Molise,86.0,716.0,1001.0,1717.0
14,Molise,87.0,645.0,1039.0,1684.0
14,Molise,88.0,568.0,975.0,1543.0
14,Molise,89.0,482.0,837.0,1319.0
14,Molise,90.0,414.0,783.0,1197.0
14,Molise,91.0,315.0,670.0,985.0
14,Molise,92.0,220.0,545.0,765.0
14,Molise,93.0,183.0,460.0,643.0
14,Molise,94.0,144.0,377.0,521.0
14,Molise,95.0,110.0,276.0,386.0
14,Molise,96.0,71.0,202.0,273.0
14,Molise,97.0,44.0,165.0,209.0
14,Molise,98.0,33.0,116.0,149.0
14,Molise,99.0,18.0,64.0,82.0
14,Molise,100.0,31.0,144.0,175.0
14,Molise,999.0,143062.0,144904.0,287966.0
01,Piemonte,0.0,12711.0,12155.0,24866.0
01,Piemonte,1.0,13175.0,12339.0,25514.0
01,Piemonte,2.0,13555.0,12981.0,26536.0
01,Piemonte,3.0,14242.0,13478.0,27720.0
01,Piemonte,4.0,14636.0,13698.0,28334.0
01,Piemonte,5.0,14956.0,14185.0,29141.0
01,Piemonte,6.0,15395.0,14883.0,30278.0
01,Piemonte,7.0,16225.0,15580.0,31805.0
01,Piemonte,8.0,17130.0,16133.0,33263.0
01,Piemonte,9.0,17738.0,16221.0,33959.0
01,Piemonte,10.0,18004.0,17267.0,35271.0
01,Piemonte,11.0,18618.0,17554.0,36172.0
01,Piemonte,12.0,19285.0,18161.0,37446.0
01,Piemonte,13.0,19644.0,18042.0,37686.0
01,Piemonte,14.0,19910.0,18652.0,38562.0
01,Piemonte,15.0,20432.0,19272.0,39704.0
01,Piemonte,16.0,20710.0,19340.0,40050.0
01,Piemonte,17.0,20754.0,19373.0,40127.0
01,Piemonte,18.0,20671.0,19110.0,39781.0
01,Piemonte,19.0,20861.0,19150.0,40011.0
01,Piemonte,20.0,21343.0,19102.0,40445.0
01,Piemonte,21.0,21369.0,19257.0,40626.0
01,Piemonte,22.0,20981.0,19254.0,40235.0
01,Piemonte,23.0,21264.0,19496.0,40760.0
01,Piemonte,24.0,22747.0,20059.0,42806.0
01,Piemonte,25.0,22886.0,19767.0,42653.0
01,Piemonte,26.0,23421.0,20114.0,43535.0
01,Piemonte,27.0,23038.0,20325.0,43363.0
01,Piemonte,28.0,23241.0,20405.0,43646.0
01,Piemonte,29.0,23032.0,20381.0,43413.0
01,Piemonte,30.0,22912.0,20742.0,43654.0
01,Piemonte,31.0,23054.0,21035.0,44089.0
01,Piemonte,32.0,23875.0,21831.0,45706.0
01,Piemonte,33.0,23606.0,21930.0,45536.0
01,Piemonte,34.0,24140.0,22133.0,46273.0
01,Piemonte,35.0,23415.0,22024.0,45439.0
01,Piemonte,36.0,24041.0,22581.0,46622.0
01,Piemonte,37.0,22987.0,22138.0,45125.0
01,Piemonte,38.0,23266.0,22394.0,45660.0
01,Piemonte,39.0,23638.0,23207.0,46845.0
01,Piemonte,40.0,23588.0,23255.0,46843.0
01,Piemonte,41.0,24253.0,23949.0,48202.0
01,Piemonte,42.0,25002.0,24863.0,49865.0
01,Piemonte,43.0,25073.0,24982.0,50055.0
01,Piemonte,44.0,25657.0,25619.0,51276.0
01,Piemonte,45.0,26232.0,26108.0,52340.0
01,Piemonte,46.0,27870.0,28038.0,55908.0
01,Piemonte,47.0,29019.0,29657.0,58676.0
01,Piemonte,48.0,30333.0,30981.0,61314.0
01,Piemonte,49.0,32081.0,32709.0,64790.0
01,Piemonte,50.0,33674.0,33883.0,67557.0
01,Piemonte,51.0,33785.0,33716.0,67501.0
01,Piemonte,52.0,34264.0,34608.0,68872.0
01,Piemonte,53.0,34514.0,35296.0,69810.0
01,Piemonte,54.0,34174.0,34915.0,69089.0
01,Piemonte,55.0,35132.0,36226.0,71358.0
01,Piemonte,56.0,34961.0,35782.0,70743.0
01,Piemonte,57.0,34772.0,35767.0,70539.0
01,Piemonte,58.0,35117.0,35857.0,70974.0
01,Piemonte,59.0,34594.0,35816.0,70410.0
01,Piemonte,60.0,34848.0,36367.0,71215.0
01,Piemonte,61.0,32547.0,33897.0,66444.0
01,Piemonte,62.0,30797.0,32666.0,63463.0
01,Piemonte,63.0,30342.0,32365.0,62707.0
01,Piemonte,64.0,29104.0,31197.0,60301.0
01,Piemonte,65.0,28449.0,30073.0,58522.0
01,Piemonte,66.0,27416.0,29267.0,56683.0
01,Piemonte,67.0,27000.0,29055.0,56055.0
01,Piemonte,68.0,26030.0,28386.0,54416.0
01,Piemonte,69.0,25434.0,27831.0,53265.0
01,Piemonte,70.0,24646.0,27478.0,52124.0
01,Piemonte,71.0,23775.0,26341.0,50116.0
01,Piemonte,72.0,23385.0,26048.0,49433.0
01,Piemonte,73.0,22440.0,25788.0,48228.0
01,Piemonte,74.0,23137.0,26848.0,49985.0
01,Piemonte,75.0,22978.0,26704.0,49682.0
01,Piemonte,76.0,23658.0,28018.0,51676.0
01,Piemonte,77.0,22733.0,26988.0,49721.0
01,Piemonte,78.0,21471.0,26023.0,47494.0
01,Piemonte,79.0,15874.0,19581.0,35455.0
01,Piemonte,80.0,16341.0,20691.0,37032.0
01,Piemonte,81.0,15225.0,20448.0,35673.0
01,Piemonte,82.0,14874.0,20019.0,34893.0
01,Piemonte,83.0,14090.0,19987.0,34077.0
01,Piemonte,84.0,14486.0,20915.0,35401.0
01,Piemonte,85.0,13348.0,20063.0,33411.0
01,Piemonte,86.0,12047.0,18468.0,30515.0
01,Piemonte,87.0,9903.0,15860.0,25763.0
01,Piemonte,88.0,8090.0,13482.0,21572.0
01,Piemonte,89.0,6866.0,12424.0,19290.0
01,Piemonte,90.0,5507.0,10746.0,16253.0
01,Piemonte,91.0,4174.0,8991.0,13165.0
01,Piemonte,92.0,3242.0,7620.0,10862.0
01,Piemonte,93.0,2547.0,6370.0,8917.0
01,Piemonte,94.0,1922.0,5388.0,7310.0
01,Piemonte,95.0,1286.0,3880.0,5166.0
01,Piemonte,96.0,817.0,2804.0,3621.0
01,Piemonte,97.0,535.0,1955.0,2490.0
01,Piemonte,98.0,342.0,1364.0,1706.0
01,Piemonte,99.0,206.0,882.0,1088.0
01,Piemonte,100.0,273.0,1460.0,1733.0
01,Piemonte,999.0,2083188.0,2172514.0,4255702.0
16,Puglia,0.0,12497.0,11849.0,24346.0
16,Puglia,1.0,13157.0,12460.0,25617.0
16,Puglia,2.0,13725.0,12684.0,26409.0
16,Puglia,3.0,13771.0,12872.0,26643.0
16,Puglia,4.0,13931.0,12957.0,26888.0
16,Puglia,5.0,14427.0,13609.0,28036.0
16,Puglia,6.0,15301.0,14049.0,29350.0
16,Puglia,7.0,15594.0,14904.0,30498.0
16,Puglia,8.0,16269.0,15225.0,31494.0
16,Puglia,9.0,16278.0,15486.0,31764.0
16,Puglia,10.0,17234.0,16009.0,33243.0
16,Puglia,11.0,17373.0,16393.0,33766.0
16,Puglia,12.0,18151.0,16947.0,35098.0
16,Puglia,13.0,18661.0,17550.0,36211.0
16,Puglia,14.0,19250.0,18214.0,37464.0
16,Puglia,15.0,19455.0,18278.0,37733.0
16,Puglia,16.0,19768.0,18509.0,38277.0
16,Puglia,17.0,20094.0,18629.0,38723.0
16,Puglia,18.0,20235.0,18996.0,39231.0
16,Puglia,19.0,20945.0,19135.0,40080.0
16,Puglia,20.0,21413.0,20148.0,41561.0
16,Puglia,21.0,21239.0,19985.0,41224.0
16,Puglia,22.0,21044.0,19963.0,41007.0
16,Puglia,23.0,21758.0,20125.0,41883.0
16,Puglia,24.0,22138.0,20536.0,42674.0
16,Puglia,25.0,22201.0,19947.0,42148.0
16,Puglia,26.0,21910.0,19840.0,41750.0
16,Puglia,27.0,21482.0,19516.0,40998.0
16,Puglia,28.0,21262.0,19491.0,40753.0
16,Puglia,29.0,20945.0,19243.0,40188.0
16,Puglia,30.0,20936.0,19421.0,40357.0
16,Puglia,31.0,21380.0,20106.0,41486.0
16,Puglia,32.0,22163.0,20991.0,43154.0
16,Puglia,33.0,21863.0,20866.0,42729.0
16,Puglia,34.0,22055.0,20920.0,42975.0
16,Puglia,35.0,21597.0,21243.0,42840.0
16,Puglia,36.0,22521.0,21825.0,44346.0
16,Puglia,37.0,22237.0,21642.0,43879.0
16,Puglia,38.0,22255.0,21423.0,43678.0
16,Puglia,39.0,22008.0,21890.0,43898.0
16,Puglia,40.0,22601.0,23017.0,45618.0
16,Puglia,41.0,23069.0,23061.0,46130.0
16,Puglia,42.0,23573.0,24176.0,47749.0
16,Puglia,43.0,23865.0,24741.0,48606.0
16,Puglia,44.0,24864.0,25203.0,50067.0
16,Puglia,45.0,26081.0,26470.0,52551.0
16,Puglia,46.0,27022.0,27319.0,54341.0
16,Puglia,47.0,28134.0,28533.0,56667.0
16,Puglia,48.0,29030.0,29677.0,58707.0
16,Puglia,49.0,29832.0,30427.0,60259.0
16,Puglia,50.0,30320.0,31573.0,61893.0
16,Puglia,51.0,29349.0,30576.0,59925.0
16,Puglia,52.0,29051.0,29933.0,58984.0
16,Puglia,53.0,29666.0,30708.0,60374.0
16,Puglia,54.0,29277.0,30433.0,59710.0
16,Puglia,55.0,29595.0,31710.0,61305.0
16,Puglia,56.0,29661.0,31715.0,61376.0
16,Puglia,57.0,30316.0,31910.0,62226.0
16,Puglia,58.0,30401.0,32239.0,62640.0
16,Puglia,59.0,30071.0,32459.0,62530.0
16,Puglia,60.0,30494.0,32744.0,63238.0
16,Puglia,61.0,28098.0,30595.0,58693.0
16,Puglia,62.0,27296.0,29597.0,56893.0
16,Puglia,63.0,26880.0,29311.0,56191.0
16,Puglia,64.0,26230.0,28385.0,54615.0
16,Puglia,65.0,25269.0,27824.0,53093.0
16,Puglia,66.0,23510.0,26554.0,50064.0
16,Puglia,67.0,23884.0,26623.0,50507.0
16,Puglia,68.0,23060.0,25903.0,48963.0
16,Puglia,69.0,22692.0,25566.0,48258.0
16,Puglia,70.0,21901.0,24629.0,46530.0
16,Puglia,71.0,20867.0,23769.0,44636.0
16,Puglia,72.0,19770.0,22677.0,42447.0
16,Puglia,73.0,20191.0,23131.0,43322.0
16,Puglia,74.0,20486.0,23663.0,44149.0
16,Puglia,75.0,20057.0,23303.0,43360.0
16,Puglia,76.0,20720.0,24528.0,45248.0
16,Puglia,77.0,18989.0,22660.0,41649.0
16,Puglia,78.0,17978.0,22248.0,40226.0
16,Puglia,79.0,14850.0,18099.0,32949.0
16,Puglia,80.0,12683.0,16291.0,28974.0
16,Puglia,81.0,12218.0,15823.0,28041.0
16,Puglia,82.0,11914.0,15753.0,27667.0
16,Puglia,83.0,10796.0,14388.0,25184.0
16,Puglia,84.0,10936.0,15065.0,26001.0
16,Puglia,85.0,9956.0,14320.0,24276.0
16,Puglia,86.0,8573.0,12854.0,21427.0
16,Puglia,87.0,7203.0,11436.0,18639.0
16,Puglia,88.0,6001.0,9682.0,15683.0
16,Puglia,89.0,5302.0,8894.0,14196.0
16,Puglia,90.0,4323.0,7677.0,12000.0
16,Puglia,91.0,3366.0,6363.0,9729.0
16,Puglia,92.0,2628.0,5342.0,7970.0
16,Puglia,93.0,2048.0,4354.0,6402.0
16,Puglia,94.0,1624.0,3720.0,5344.0
16,Puglia,95.0,1037.0,2565.0,3602.0
16,Puglia,96.0,715.0,1942.0,2657.0
16,Puglia,97.0,475.0,1441.0,1916.0
16,Puglia,98.0,299.0,938.0,1237.0
16,Puglia,99.0,187.0,618.0,805.0
16,Puglia,100.0,298.0,1030.0,1328.0
16,Puglia,999.0,1892105.0,1982061.0,3874166.0
20,Sardegna,0.0,3692.0,3408.0,7100.0
20,Sardegna,1.0,3786.0,3512.0,7298.0
20,Sardegna,2.0,4087.0,3719.0,7806.0
20,Sardegna,3.0,4298.0,4083.0,8381.0
20,Sardegna,4.0,4428.0,4013.0,8441.0
20,Sardegna,5.0,4608.0,4444.0,9052.0
20,Sardegna,6.0,4922.0,4578.0,9500.0
20,Sardegna,7.0,5324.0,4946.0,10270.0
20,Sardegna,8.0,5526.0,5123.0,10649.0
20,Sardegna,9.0,5883.0,5377.0,11260.0
20,Sardegna,10.0,5993.0,5548.0,11541.0
20,Sardegna,11.0,6119.0,5726.0,11845.0
20,Sardegna,12.0,6477.0,5992.0,12469.0
20,Sardegna,13.0,6747.0,6330.0,13077.0
20,Sardegna,14.0,7029.0,6502.0,13531.0
20,Sardegna,15.0,7105.0,6435.0,13540.0
20,Sardegna,16.0,7036.0,6564.0,13600.0
20,Sardegna,17.0,6973.0,6576.0,13549.0
20,Sardegna,18.0,7148.0,6561.0,13709.0
20,Sardegna,19.0,7271.0,6568.0,13839.0
20,Sardegna,20.0,7164.0,6501.0,13665.0
20,Sardegna,21.0,7355.0,6675.0,14030.0
20,Sardegna,22.0,7089.0,6692.0,13781.0
20,Sardegna,23.0,7276.0,6784.0,14060.0
20,Sardegna,24.0,7589.0,6873.0,14462.0
20,Sardegna,25.0,7525.0,6634.0,14159.0
20,Sardegna,26.0,7385.0,6418.0,13803.0
20,Sardegna,27.0,7453.0,6507.0,13960.0
20,Sardegna,28.0,7501.0,6557.0,14058.0
20,Sardegna,29.0,7691.0,6614.0,14305.0
20,Sardegna,30.0,7735.0,6817.0,14552.0
20,Sardegna,31.0,7665.0,7117.0,14782.0
20,Sardegna,32.0,7953.0,7496.0,15449.0
20,Sardegna,33.0,8283.0,7606.0,15889.0
20,Sardegna,34.0,8406.0,8006.0,16412.0
20,Sardegna,35.0,8549.0,7894.0,16443.0
20,Sardegna,36.0,8602.0,8184.0,16786.0
20,Sardegna,37.0,8640.0,8245.0,16885.0
20,Sardegna,38.0,8677.0,8430.0,17107.0
20,Sardegna,39.0,9048.0,8775.0,17823.0
20,Sardegna,40.0,9400.0,8880.0,18280.0
20,Sardegna,41.0,9470.0,9331.0,18801.0
20,Sardegna,42.0,10063.0,9718.0,19781.0
20,Sardegna,43.0,10014.0,9953.0,19967.0
20,Sardegna,44.0,10587.0,10136.0,20723.0
20,Sardegna,45.0,10625.0,10469.0,21094.0
20,Sardegna,46.0,11664.0,11295.0,22959.0
20,Sardegna,47.0,11951.0,11477.0,23428.0
20,Sardegna,48.0,12326.0,12075.0,24401.0
20,Sardegna,49.0,12914.0,12758.0,25672.0
20,Sardegna,50.0,13652.0,13118.0,26770.0
20,Sardegna,51.0,13608.0,13230.0,26838.0
20,Sardegna,52.0,13320.0,13149.0,26469.0
20,Sardegna,53.0,12988.0,13438.0,26426.0
20,Sardegna,54.0,13109.0,12998.0,26107.0
20,Sardegna,55.0,13274.0,13492.0,26766.0
20,Sardegna,56.0,12810.0,13334.0,26144.0
20,Sardegna,57.0,13362.0,13534.0,26896.0
20,Sardegna,58.0,13361.0,13810.0,27171.0
20,Sardegna,59.0,13318.0,13702.0,27020.0
20,Sardegna,60.0,13529.0,14025.0,27554.0
20,Sardegna,61.0,12652.0,13545.0,26197.0
20,Sardegna,62.0,12473.0,13134.0,25607.0
20,Sardegna,63.0,11989.0,12975.0,24964.0
20,Sardegna,64.0,11795.0,12299.0,24094.0
20,Sardegna,65.0,11428.0,12137.0,23565.0
20,Sardegna,66.0,11070.0,11891.0,22961.0
20,Sardegna,67.0,10947.0,11964.0,22911.0
20,Sardegna,68.0,10618.0,11699.0,22317.0
20,Sardegna,69.0,10354.0,11203.0,21557.0
20,Sardegna,70.0,10385.0,11280.0,21665.0
20,Sardegna,71.0,9706.0,10599.0,20305.0
20,Sardegna,72.0,9419.0,10500.0,19919.0
20,Sardegna,73.0,9020.0,10343.0,19363.0
20,Sardegna,74.0,9070.0,10194.0,19264.0
20,Sardegna,75.0,8608.0,9832.0,18440.0
20,Sardegna,76.0,8511.0,9992.0,18503.0
20,Sardegna,77.0,8002.0,9435.0,17437.0
20,Sardegna,78.0,7387.0,8598.0,15985.0
20,Sardegna,79.0,6538.0,8131.0,14669.0
20,Sardegna,80.0,6126.0,7801.0,13927.0
20,Sardegna,81.0,5519.0,7537.0,13056.0
20,Sardegna,82.0,5486.0,7422.0,12908.0
20,Sardegna,83.0,4748.0,6799.0,11547.0
20,Sardegna,84.0,4965.0,7234.0,12199.0
20,Sardegna,85.0,4435.0,6388.0,10823.0
20,Sardegna,86.0,3600.0,5625.0,9225.0
20,Sardegna,87.0,3009.0,4980.0,7989.0
20,Sardegna,88.0,2651.0,4435.0,7086.0
20,Sardegna,89.0,2043.0,3837.0,5880.0
20,Sardegna,90.0,1904.0,3537.0,5441.0
20,Sardegna,91.0,1555.0,3054.0,4609.0
20,Sardegna,92.0,1220.0,2514.0,3734.0
20,Sardegna,93.0,969.0,1939.0,2908.0
20,Sardegna,94.0,735.0,1698.0,2433.0
20,Sardegna,95.0,474.0,1338.0,1812.0
20,Sardegna,96.0,322.0,1008.0,1330.0
20,Sardegna,97.0,219.0,664.0,883.0
20,Sardegna,98.0,141.0,473.0,614.0
20,Sardegna,99.0,88.0,318.0,406.0
20,Sardegna,100.0,136.0,535.0,671.0
20,Sardegna,999.0,767700.0,793639.0,1561339.0
19,Sicilia,0.0,17462.0,16285.0,33747.0
19,Sicilia,1.0,18134.0,17237.0,35371.0
19,Sicilia,2.0,19309.0,17729.0,37038.0
19,Sicilia,3.0,19298.0,18285.0,37583.0
19,Sicilia,4.0,19649.0,18452.0,38101.0
19,Sicilia,5.0,20231.0,18897.0,39128.0
19,Sicilia,6.0,20980.0,19767.0,40747.0
19,Sicilia,7.0,21432.0,20127.0,41559.0
19,Sicilia,8.0,21327.0,20344.0,41671.0
19,Sicilia,9.0,22105.0,20861.0,42966.0
19,Sicilia,10.0,22661.0,21425.0,44086.0
19,Sicilia,11.0,22261.0,21104.0,43365.0
19,Sicilia,12.0,23272.0,22250.0,45522.0
19,Sicilia,13.0,23551.0,22353.0,45904.0
19,Sicilia,14.0,24209.0,23071.0,47280.0
19,Sicilia,15.0,24909.0,23387.0,48296.0
19,Sicilia,16.0,25382.0,23902.0,49284.0
19,Sicilia,17.0,25405.0,23803.0,49208.0
19,Sicilia,18.0,26588.0,23853.0,50441.0
19,Sicilia,19.0,27211.0,24654.0,51865.0
19,Sicilia,20.0,27873.0,25144.0,53017.0
19,Sicilia,21.0,26691.0,24625.0,51316.0
19,Sicilia,22.0,26360.0,24699.0,51059.0
19,Sicilia,23.0,26776.0,24676.0,51452.0
19,Sicilia,24.0,27436.0,24755.0,52191.0
19,Sicilia,25.0,27229.0,25059.0,52288.0
19,Sicilia,26.0,26765.0,24568.0,51333.0
19,Sicilia,27.0,26517.0,24361.0,50878.0
19,Sicilia,28.0,26216.0,24653.0,50869.0
19,Sicilia,29.0,26070.0,24700.0,50770.0
19,Sicilia,30.0,26512.0,25111.0,51623.0
19,Sicilia,31.0,27079.0,25964.0,53043.0
19,Sicilia,32.0,28132.0,27138.0,55270.0
19,Sicilia,33.0,27808.0,26950.0,54758.0
19,Sicilia,34.0,28217.0,27501.0,55718.0
19,Sicilia,35.0,28199.0,27746.0,55945.0
19,Sicilia,36.0,28841.0,27953.0,56794.0
19,Sicilia,37.0,28074.0,27638.0,55712.0
19,Sicilia,38.0,28412.0,27719.0,56131.0
19,Sicilia,39.0,28462.0,28407.0,56869.0
19,Sicilia,40.0,29089.0,29143.0,58232.0
19,Sicilia,41.0,28842.0,28765.0,57607.0
19,Sicilia,42.0,29884.0,29873.0,59757.0
19,Sicilia,43.0,29877.0,30160.0,60037.0
19,Sicilia,44.0,30928.0,31263.0,62191.0
19,Sicilia,45.0,31143.0,31791.0,62934.0
19,Sicilia,46.0,32120.0,32732.0,64852.0
19,Sicilia,47.0,32368.0,33294.0,65662.0
19,Sicilia,48.0,33973.0,34910.0,68883.0
19,Sicilia,49.0,34888.0,35734.0,70622.0
19,Sicilia,50.0,35845.0,37209.0,73054.0
19,Sicilia,51.0,35120.0,36553.0,71673.0
19,Sicilia,52.0,35370.0,36820.0,72190.0
19,Sicilia,53.0,35705.0,37927.0,73632.0
19,Sicilia,54.0,35059.0,37677.0,72736.0
19,Sicilia,55.0,36455.0,38481.0,74936.0
19,Sicilia,56.0,35883.0,38082.0,73965.0
19,Sicilia,57.0,36174.0,38379.0,74553.0
19,Sicilia,58.0,35690.0,38217.0,73907.0
19,Sicilia,59.0,35157.0,38013.0,73170.0
19,Sicilia,60.0,36264.0,38764.0,75028.0
19,Sicilia,61.0,34082.0,36782.0,70864.0
19,Sicilia,62.0,33624.0,36762.0,70386.0
19,Sicilia,63.0,32507.0,35805.0,68312.0
19,Sicilia,64.0,32352.0,35928.0,68280.0
19,Sicilia,65.0,30729.0,33823.0,64552.0
19,Sicilia,66.0,29449.0,32719.0,62168.0
19,Sicilia,67.0,29133.0,32649.0,61782.0
19,Sicilia,68.0,28275.0,31743.0,60018.0
19,Sicilia,69.0,28140.0,31162.0,59302.0
19,Sicilia,70.0,27305.0,31242.0,58547.0
19,Sicilia,71.0,25021.0,28395.0,53416.0
19,Sicilia,72.0,24235.0,28071.0,52306.0
19,Sicilia,73.0,23830.0,27211.0,51041.0
19,Sicilia,74.0,23888.0,27992.0,51880.0
19,Sicilia,75.0,23528.0,27957.0,51485.0
19,Sicilia,76.0,23756.0,28311.0,52067.0
19,Sicilia,77.0,22807.0,27590.0,50397.0
19,Sicilia,78.0,20042.0,24863.0,44905.0
19,Sicilia,79.0,16461.0,20533.0,36994.0
19,Sicilia,80.0,14939.0,19342.0,34281.0
19,Sicilia,81.0,13474.0,17872.0,31346.0
19,Sicilia,82.0,12675.0,17222.0,29897.0
19,Sicilia,83.0,11929.0,16733.0,28662.0
19,Sicilia,84.0,12570.0,18240.0,30810.0
19,Sicilia,85.0,11256.0,16502.0,27758.0
19,Sicilia,86.0,9681.0,14912.0,24593.0
19,Sicilia,87.0,7802.0,12472.0,20274.0
19,Sicilia,88.0,6823.0,11014.0,17837.0
19,Sicilia,89.0,5719.0,10028.0,15747.0
19,Sicilia,90.0,4990.0,8849.0,13839.0
19,Sicilia,91.0,3980.0,7458.0,11438.0
19,Sicilia,92.0,2922.0,5841.0,8763.0
19,Sicilia,93.0,2187.0,4899.0,7086.0
19,Sicilia,94.0,1754.0,4176.0,5930.0
19,Sicilia,95.0,1092.0,2773.0,3865.0
19,Sicilia,96.0,732.0,2123.0,2855.0
19,Sicilia,97.0,509.0,1440.0,1949.0
19,Sicilia,98.0,312.0,1079.0,1391.0
19,Sicilia,99.0,185.0,741.0,926.0
19,Sicilia,100.0,347.0,1256.0,1603.0
19,Sicilia,999.0,2333921.0,2445450.0,4779371.0
09,Toscana,0.0,10779.0,10158.0,20937.0
09,Toscana,1.0,10896.0,10288.0,21184.0
09,Toscana,2.0,11425.0,10740.0,22165.0
09,Toscana,3.0,11970.0,11368.0,23338.0
09,Toscana,4.0,12120.0,11199.0,23319.0
09,Toscana,5.0,12421.0,11951.0,24372.0
09,Toscana,6.0,13183.0,12709.0,25892.0
09,Toscana,7.0,14021.0,13140.0,27161.0
09,Toscana,8.0,14399.0,13638.0,28037.0
09,Toscana,9.0,14864.0,13732.0,28596.0
09,Toscana,10.0,15477.0,14661.0,30138.0
09,Toscana,11.0,15694.0,14743.0,30437.0
09,Toscana,12.0,16561.0,15762.0,32323.0
09,Toscana,13.0,16829.0,15859.0,32688.0
09,Toscana,14.0,17428.0,16286.0,33714.0
09,Toscana,15.0,17568.0,16398.0,33966.0
09,Toscana,16.0,18407.0,16742.0,35149.0
09,Toscana,17.0,18211.0,16646.0,34857.0
09,Toscana,18.0,18135.0,16788.0,34923.0
09,Toscana,19.0,18478.0,16662.0,35140.0
09,Toscana,20.0,18609.0,16736.0,35345.0
09,Toscana,21.0,18178.0,16329.0,34507.0
09,Toscana,22.0,18313.0,16528.0,34841.0
09,Toscana,23.0,18230.0,16661.0,34891.0
09,Toscana,24.0,18875.0,16712.0,35587.0
09,Toscana,25.0,18609.0,16230.0,34839.0
09,Toscana,26.0,19201.0,16606.0,35807.0
09,Toscana,27.0,18912.0,16739.0,35651.0
09,Toscana,28.0,18795.0,16784.0,35579.0
09,Toscana,29.0,18488.0,16901.0,35389.0
09,Toscana,30.0,18589.0,17157.0,35746.0
09,Toscana,31.0,18918.0,17336.0,36254.0
09,Toscana,32.0,19543.0,18505.0,38048.0
09,Toscana,33.0,19375.0,18380.0,37755.0
09,Toscana,34.0,20391.0,18983.0,39374.0
09,Toscana,35.0,19710.0,19148.0,38858.0
09,Toscana,36.0,20423.0,19885.0,40308.0
09,Toscana,37.0,19895.0,19432.0,39327.0
09,Toscana,38.0,19422.0,19773.0,39195.0
09,Toscana,39.0,20441.0,20554.0,40995.0
09,Toscana,40.0,20809.0,20877.0,41686.0
09,Toscana,41.0,21202.0,21419.0,42621.0
09,Toscana,42.0,22177.0,22064.0,44241.0
09,Toscana,43.0,22199.0,22310.0,44509.0
09,Toscana,44.0,22858.0,22851.0,45709.0
09,Toscana,45.0,23576.0,24052.0,47628.0
09,Toscana,46.0,25038.0,25563.0,50601.0
09,Toscana,47.0,25938.0,26563.0,52501.0
09,Toscana,48.0,26839.0,27916.0,54755.0
09,Toscana,49.0,28249.0,29198.0,57447.0
09,Toscana,50.0,29446.0,30567.0,60013.0
09,Toscana,51.0,29572.0,30832.0,60404.0
09,Toscana,52.0,30029.0,30806.0,60835.0
09,Toscana,53.0,29923.0,31210.0,61133.0
09,Toscana,54.0,29783.0,30169.0,59952.0
09,Toscana,55.0,30219.0,31166.0,61385.0
09,Toscana,56.0,29401.0,30889.0,60290.0
09,Toscana,57.0,29413.0,31051.0,60464.0
09,Toscana,58.0,29894.0,31167.0,61061.0
09,Toscana,59.0,29805.0,31158.0,60963.0
09,Toscana,60.0,29825.0,31413.0,61238.0
09,Toscana,61.0,27717.0,29392.0,57109.0
09,Toscana,62.0,26517.0,28192.0,54709.0
09,Toscana,63.0,25687.0,27715.0,53402.0
09,Toscana,64.0,24943.0,26727.0,51670.0
09,Toscana,65.0,24250.0,25853.0,50103.0
09,Toscana,66.0,22824.0,25280.0,48104.0
09,Toscana,67.0,22236.0,24557.0,46793.0
09,Toscana,68.0,21637.0,24107.0,45744.0
09,Toscana,69.0,21019.0,23645.0,44664.0
09,Toscana,70.0,20513.0,23426.0,43939.0
09,Toscana,71.0,19509.0,21890.0,41399.0
09,Toscana,72.0,18970.0,21609.0,40579.0
09,Toscana,73.0,18869.0,21323.0,40192.0
09,Toscana,74.0,19117.0,21834.0,40951.0
09,Toscana,75.0,19523.0,22913.0,42436.0
09,Toscana,76.0,20399.0,24036.0,44435.0
09,Toscana,77.0,19794.0,23973.0,43767.0
09,Toscana,78.0,19519.0,23642.0,43161.0
09,Toscana,79.0,14599.0,18235.0,32834.0
09,Toscana,80.0,14066.0,17836.0,31902.0
09,Toscana,81.0,13506.0,17570.0,31076.0
09,Toscana,82.0,12251.0,16462.0,28713.0
09,Toscana,83.0,12015.0,16794.0,28809.0
09,Toscana,84.0,12582.0,18174.0,30756.0
09,Toscana,85.0,11469.0,16644.0,28113.0
09,Toscana,86.0,10727.0,15900.0,26627.0
09,Toscana,87.0,8596.0,13745.0,22341.0
09,Toscana,88.0,7026.0,11537.0,18563.0
09,Toscana,89.0,6383.0,10829.0,17212.0
09,Toscana,90.0,4953.0,9015.0,13968.0
09,Toscana,91.0,4058.0,7681.0,11739.0
09,Toscana,92.0,3034.0,6449.0,9483.0
09,Toscana,93.0,2455.0,5463.0,7918.0
09,Toscana,94.0,1791.0,4586.0,6377.0
09,Toscana,95.0,1260.0,3400.0,4660.0
09,Toscana,96.0,891.0,2654.0,3545.0
09,Toscana,97.0,581.0,1834.0,2415.0
09,Toscana,98.0,366.0,1324.0,1690.0
09,Toscana,99.0,195.0,875.0,1070.0
09,Toscana,100.0,305.0,1493.0,1798.0
09,Toscana,999.0,1784130.0,1876704.0,3660834.0
04,Trentino-Alto Adige/Sdtirol,0.0,4370.0,3943.0,8313.0
04,Trentino-Alto Adige/Sdtirol,1.0,4430.0,4084.0,8514.0
04,Trentino-Alto Adige/Sdtirol,2.0,4683.0,4366.0,9049.0
04,Trentino-Alto Adige/Sdtirol,3.0,4879.0,4623.0,9502.0
04,Trentino-Alto Adige/Sdtirol,4.0,4853.0,4552.0,9405.0
04,Trentino-Alto Adige/Sdtirol,5.0,5101.0,4657.0,9758.0
04,Trentino-Alto Adige/Sdtirol,6.0,5101.0,4802.0,9903.0
04,Trentino-Alto Adige/Sdtirol,7.0,5269.0,4958.0,10227.0
04,Trentino-Alto Adige/Sdtirol,8.0,5351.0,5125.0,10476.0
04,Trentino-Alto Adige/Sdtirol,9.0,5410.0,5135.0,10545.0
04,Trentino-Alto Adige/Sdtirol,10.0,5537.0,5256.0,10793.0
04,Trentino-Alto Adige/Sdtirol,11.0,5627.0,5176.0,10803.0
04,Trentino-Alto Adige/Sdtirol,12.0,5744.0,5361.0,11105.0
04,Trentino-Alto Adige/Sdtirol,13.0,5691.0,5453.0,11144.0
04,Trentino-Alto Adige/Sdtirol,14.0,5853.0,5429.0,11282.0
04,Trentino-Alto Adige/Sdtirol,15.0,5856.0,5444.0,11300.0
04,Trentino-Alto Adige/Sdtirol,16.0,5952.0,5607.0,11559.0
04,Trentino-Alto Adige/Sdtirol,17.0,5933.0,5450.0,11383.0
04,Trentino-Alto Adige/Sdtirol,18.0,5960.0,5538.0,11498.0
04,Trentino-Alto Adige/Sdtirol,19.0,6212.0,5551.0,11763.0
04,Trentino-Alto Adige/Sdtirol,20.0,6235.0,5711.0,11946.0
04,Trentino-Alto Adige/Sdtirol,21.0,6097.0,5592.0,11689.0
04,Trentino-Alto Adige/Sdtirol,22.0,6044.0,5528.0,11572.0
04,Trentino-Alto Adige/Sdtirol,23.0,6320.0,5681.0,12001.0
04,Trentino-Alto Adige/Sdtirol,24.0,6371.0,5941.0,12312.0
04,Trentino-Alto Adige/Sdtirol,25.0,6372.0,5854.0,12226.0
04,Trentino-Alto Adige/Sdtirol,26.0,6473.0,5977.0,12450.0
04,Trentino-Alto Adige/Sdtirol,27.0,6534.0,5828.0,12362.0
04,Trentino-Alto Adige/Sdtirol,28.0,6471.0,5867.0,12338.0
04,Trentino-Alto Adige/Sdtirol,29.0,6304.0,5691.0,11995.0
04,Trentino-Alto Adige/Sdtirol,30.0,6348.0,5825.0,12173.0
04,Trentino-Alto Adige/Sdtirol,31.0,6336.0,5870.0,12206.0
04,Trentino-Alto Adige/Sdtirol,32.0,6561.0,6034.0,12595.0
04,Trentino-Alto Adige/Sdtirol,33.0,6534.0,6059.0,12593.0
04,Trentino-Alto Adige/Sdtirol,34.0,6615.0,6032.0,12647.0
04,Trentino-Alto Adige/Sdtirol,35.0,6397.0,6092.0,12489.0
04,Trentino-Alto Adige/Sdtirol,36.0,6466.0,6178.0,12644.0
04,Trentino-Alto Adige/Sdtirol,37.0,6238.0,6042.0,12280.0
04,Trentino-Alto Adige/Sdtirol,38.0,6296.0,6003.0,12299.0
04,Trentino-Alto Adige/Sdtirol,39.0,6388.0,6191.0,12579.0
04,Trentino-Alto Adige/Sdtirol,40.0,6417.0,6162.0,12579.0
04,Trentino-Alto Adige/Sdtirol,41.0,6507.0,6413.0,12920.0
04,Trentino-Alto Adige/Sdtirol,42.0,6700.0,6643.0,13343.0
04,Trentino-Alto Adige/Sdtirol,43.0,6671.0,6553.0,13224.0
04,Trentino-Alto Adige/Sdtirol,44.0,6748.0,6707.0,13455.0
04,Trentino-Alto Adige/Sdtirol,45.0,6553.0,6803.0,13356.0
04,Trentino-Alto Adige/Sdtirol,46.0,7018.0,7133.0,14151.0
04,Trentino-Alto Adige/Sdtirol,47.0,7079.0,7153.0,14232.0
04,Trentino-Alto Adige/Sdtirol,48.0,7234.0,7545.0,14779.0
04,Trentino-Alto Adige/Sdtirol,49.0,7648.0,7894.0,15542.0
04,Trentino-Alto Adige/Sdtirol,50.0,8201.0,8174.0,16375.0
04,Trentino-Alto Adige/Sdtirol,51.0,8041.0,8314.0,16355.0
04,Trentino-Alto Adige/Sdtirol,52.0,8237.0,8360.0,16597.0
04,Trentino-Alto Adige/Sdtirol,53.0,8490.0,8649.0,17139.0
04,Trentino-Alto Adige/Sdtirol,54.0,8257.0,8456.0,16713.0
04,Trentino-Alto Adige/Sdtirol,55.0,8927.0,8715.0,17642.0
04,Trentino-Alto Adige/Sdtirol,56.0,8697.0,8663.0,17360.0
04,Trentino-Alto Adige/Sdtirol,57.0,8536.0,8756.0,17292.0
04,Trentino-Alto Adige/Sdtirol,58.0,8737.0,8773.0,17510.0
04,Trentino-Alto Adige/Sdtirol,59.0,8940.0,8701.0,17641.0
04,Trentino-Alto Adige/Sdtirol,60.0,8760.0,8747.0,17507.0
04,Trentino-Alto Adige/Sdtirol,61.0,8211.0,8243.0,16454.0
04,Trentino-Alto Adige/Sdtirol,62.0,7641.0,7885.0,15526.0
04,Trentino-Alto Adige/Sdtirol,63.0,7485.0,7826.0,15311.0
04,Trentino-Alto Adige/Sdtirol,64.0,7292.0,7375.0,14667.0
04,Trentino-Alto Adige/Sdtirol,65.0,7029.0,7082.0,14111.0
04,Trentino-Alto Adige/Sdtirol,66.0,6408.0,6712.0,13120.0
04,Trentino-Alto Adige/Sdtirol,67.0,6127.0,6710.0,12837.0
04,Trentino-Alto Adige/Sdtirol,68.0,6074.0,6305.0,12379.0
04,Trentino-Alto Adige/Sdtirol,69.0,5757.0,6040.0,11797.0
04,Trentino-Alto Adige/Sdtirol,70.0,5483.0,5793.0,11276.0
04,Trentino-Alto Adige/Sdtirol,71.0,5278.0,5696.0,10974.0
04,Trentino-Alto Adige/Sdtirol,72.0,5110.0,5608.0,10718.0
04,Trentino-Alto Adige/Sdtirol,73.0,4978.0,5324.0,10302.0
04,Trentino-Alto Adige/Sdtirol,74.0,4961.0,5543.0,10504.0
04,Trentino-Alto Adige/Sdtirol,75.0,4781.0,5202.0,9983.0
04,Trentino-Alto Adige/Sdtirol,76.0,4790.0,5316.0,10106.0
04,Trentino-Alto Adige/Sdtirol,77.0,4444.0,5269.0,9713.0
04,Trentino-Alto Adige/Sdtirol,78.0,4591.0,5645.0,10236.0
04,Trentino-Alto Adige/Sdtirol,79.0,3232.0,3909.0,7141.0
04,Trentino-Alto Adige/Sdtirol,80.0,3574.0,4511.0,8085.0
04,Trentino-Alto Adige/Sdtirol,81.0,3631.0,4625.0,8256.0
04,Trentino-Alto Adige/Sdtirol,82.0,3451.0,4493.0,7944.0
04,Trentino-Alto Adige/Sdtirol,83.0,3268.0,4389.0,7657.0
04,Trentino-Alto Adige/Sdtirol,84.0,2883.0,4136.0,7019.0
04,Trentino-Alto Adige/Sdtirol,85.0,2695.0,3898.0,6593.0
04,Trentino-Alto Adige/Sdtirol,86.0,2296.0,3446.0,5742.0
04,Trentino-Alto Adige/Sdtirol,87.0,1918.0,3012.0,4930.0
04,Trentino-Alto Adige/Sdtirol,88.0,1562.0,2655.0,4217.0
04,Trentino-Alto Adige/Sdtirol,89.0,1316.0,2419.0,3735.0
04,Trentino-Alto Adige/Sdtirol,90.0,1092.0,2174.0,3266.0
04,Trentino-Alto Adige/Sdtirol,91.0,891.0,1854.0,2745.0
04,Trentino-Alto Adige/Sdtirol,92.0,740.0,1555.0,2295.0
04,Trentino-Alto Adige/Sdtirol,93.0,560.0,1318.0,1878.0
04,Trentino-Alto Adige/Sdtirol,94.0,435.0,1130.0,1565.0
04,Trentino-Alto Adige/Sdtirol,95.0,275.0,838.0,1113.0
04,Trentino-Alto Adige/Sdtirol,96.0,207.0,615.0,822.0
04,Trentino-Alto Adige/Sdtirol,97.0,132.0,435.0,567.0
04,Trentino-Alto Adige/Sdtirol,98.0,64.0,310.0,374.0
04,Trentino-Alto Adige/Sdtirol,99.0,47.0,216.0,263.0
04,Trentino-Alto Adige/Sdtirol,100.0,70.0,374.0,444.0
04,Trentino-Alto Adige/Sdtirol,999.0,538389.0,547706.0,1086095.0
10,Umbria,0.0,2467.0,2322.0,4789.0
10,Umbria,1.0,2467.0,2347.0,4814.0
10,Umbria,2.0,2569.0,2443.0,5012.0
10,Umbria,3.0,2752.0,2654.0,5406.0
10,Umbria,4.0,2815.0,2626.0,5441.0
10,Umbria,5.0,2928.0,2855.0,5783.0
10,Umbria,6.0,3121.0,2865.0,5986.0
10,Umbria,7.0,3234.0,3022.0,6256.0
10,Umbria,8.0,3388.0,3228.0,6616.0
10,Umbria,9.0,3407.0,3213.0,6620.0
10,Umbria,10.0,3634.0,3451.0,7085.0
10,Umbria,11.0,3773.0,3534.0,7307.0
10,Umbria,12.0,3856.0,3797.0,7653.0
10,Umbria,13.0,3939.0,3758.0,7697.0
10,Umbria,14.0,4082.0,3838.0,7920.0
10,Umbria,15.0,4145.0,3782.0,7927.0
10,Umbria,16.0,4203.0,4086.0,8289.0
10,Umbria,17.0,4326.0,4001.0,8327.0
10,Umbria,18.0,4300.0,3953.0,8253.0
10,Umbria,19.0,4292.0,3938.0,8230.0
10,Umbria,20.0,4216.0,3922.0,8138.0
10,Umbria,21.0,4326.0,3759.0,8085.0
10,Umbria,22.0,4182.0,3902.0,8084.0
10,Umbria,23.0,4279.0,3858.0,8137.0
10,Umbria,24.0,4283.0,3971.0,8254.0
10,Umbria,25.0,4496.0,3756.0,8252.0
10,Umbria,26.0,4454.0,3841.0,8295.0
10,Umbria,27.0,4353.0,3858.0,8211.0
10,Umbria,28.0,4351.0,3820.0,8171.0
10,Umbria,29.0,4293.0,3866.0,8159.0
10,Umbria,30.0,4202.0,3861.0,8063.0
10,Umbria,31.0,4395.0,4013.0,8408.0
10,Umbria,32.0,4534.0,4173.0,8707.0
10,Umbria,33.0,4452.0,4140.0,8592.0
10,Umbria,34.0,4503.0,4332.0,8835.0
10,Umbria,35.0,4575.0,4399.0,8974.0
10,Umbria,36.0,4710.0,4668.0,9378.0
10,Umbria,37.0,4562.0,4482.0,9044.0
10,Umbria,38.0,4528.0,4670.0,9198.0
10,Umbria,39.0,4711.0,4859.0,9570.0
10,Umbria,40.0,4772.0,4861.0,9633.0
10,Umbria,41.0,5186.0,5251.0,10437.0
10,Umbria,42.0,5125.0,5134.0,10259.0
10,Umbria,43.0,5151.0,5353.0,10504.0
10,Umbria,44.0,5294.0,5329.0,10623.0
10,Umbria,45.0,5523.0,5547.0,11070.0
10,Umbria,46.0,5663.0,5976.0,11639.0
10,Umbria,47.0,5991.0,6139.0,12130.0
10,Umbria,48.0,6171.0,6348.0,12519.0
10,Umbria,49.0,6326.0,6685.0,13011.0
10,Umbria,50.0,6672.0,7016.0,13688.0
10,Umbria,51.0,6653.0,6862.0,13515.0
10,Umbria,52.0,6449.0,6903.0,13352.0
10,Umbria,53.0,6595.0,7049.0,13644.0
10,Umbria,54.0,6585.0,6805.0,13390.0
10,Umbria,55.0,6649.0,7081.0,13730.0
10,Umbria,56.0,6547.0,7178.0,13725.0
10,Umbria,57.0,6499.0,7028.0,13527.0
10,Umbria,58.0,6589.0,6985.0,13574.0
10,Umbria,59.0,6843.0,7209.0,14052.0
10,Umbria,60.0,6856.0,7255.0,14111.0
10,Umbria,61.0,6188.0,6922.0,13110.0
10,Umbria,62.0,6123.0,6704.0,12827.0
10,Umbria,63.0,6154.0,6523.0,12677.0
10,Umbria,64.0,5993.0,6518.0,12511.0
10,Umbria,65.0,5719.0,6171.0,11890.0
10,Umbria,66.0,5376.0,5807.0,11183.0
10,Umbria,67.0,5205.0,5680.0,10885.0
10,Umbria,68.0,5287.0,5775.0,11062.0
10,Umbria,69.0,5103.0,5630.0,10733.0
10,Umbria,70.0,4875.0,5596.0,10471.0
10,Umbria,71.0,4783.0,5384.0,10167.0
10,Umbria,72.0,4485.0,5106.0,9591.0
10,Umbria,73.0,4652.0,5293.0,9945.0
10,Umbria,74.0,4655.0,5289.0,9944.0
10,Umbria,75.0,4775.0,5438.0,10213.0
10,Umbria,76.0,5026.0,5698.0,10724.0
10,Umbria,77.0,4579.0,5267.0,9846.0
10,Umbria,78.0,4217.0,5092.0,9309.0
10,Umbria,79.0,3307.0,4038.0,7345.0
10,Umbria,80.0,3302.0,4256.0,7558.0
10,Umbria,81.0,3430.0,4344.0,7774.0
10,Umbria,82.0,2974.0,3883.0,6857.0
10,Umbria,83.0,2932.0,3839.0,6771.0
10,Umbria,84.0,3045.0,4105.0,7150.0
10,Umbria,85.0,2677.0,4001.0,6678.0
10,Umbria,86.0,2603.0,3771.0,6374.0
10,Umbria,87.0,1992.0,3271.0,5263.0
10,Umbria,88.0,1678.0,2824.0,4502.0
10,Umbria,89.0,1493.0,2577.0,4070.0
10,Umbria,90.0,1274.0,2327.0,3601.0
10,Umbria,91.0,1026.0,1940.0,2966.0
10,Umbria,92.0,736.0,1610.0,2346.0
10,Umbria,93.0,624.0,1406.0,2030.0
10,Umbria,94.0,484.0,1190.0,1674.0
10,Umbria,95.0,304.0,860.0,1164.0
10,Umbria,96.0,205.0,633.0,838.0
10,Umbria,97.0,150.0,497.0,647.0
10,Umbria,98.0,91.0,342.0,433.0
10,Umbria,99.0,47.0,264.0,311.0
10,Umbria,100.0,80.0,335.0,415.0
10,Umbria,999.0,413891.0,438063.0,851954.0
02,Valle d'Aosta/Valle d'Aoste,0.0,312.0,335.0,647.0
02,Valle d'Aosta/Valle d'Aoste,1.0,370.0,358.0,728.0
02,Valle d'Aosta/Valle d'Aoste,2.0,415.0,380.0,795.0
02,Valle d'Aosta/Valle d'Aoste,3.0,410.0,364.0,774.0
02,Valle d'Aosta/Valle d'Aoste,4.0,389.0,406.0,795.0
02,Valle d'Aosta/Valle d'Aoste,5.0,416.0,410.0,826.0
02,Valle d'Aosta/Valle d'Aoste,6.0,497.0,409.0,906.0
02,Valle d'Aosta/Valle d'Aoste,7.0,484.0,417.0,901.0
02,Valle d'Aosta/Valle d'Aoste,8.0,514.0,441.0,955.0
02,Valle d'Aosta/Valle d'Aoste,9.0,503.0,479.0,982.0
02,Valle d'Aosta/Valle d'Aoste,10.0,564.0,496.0,1060.0
02,Valle d'Aosta/Valle d'Aoste,11.0,519.0,520.0,1039.0
02,Valle d'Aosta/Valle d'Aoste,12.0,590.0,563.0,1153.0
02,Valle d'Aosta/Valle d'Aoste,13.0,635.0,583.0,1218.0
02,Valle d'Aosta/Valle d'Aoste,14.0,593.0,582.0,1175.0
02,Valle d'Aosta/Valle d'Aoste,15.0,652.0,582.0,1234.0
02,Valle d'Aosta/Valle d'Aoste,16.0,633.0,601.0,1234.0
02,Valle d'Aosta/Valle d'Aoste,17.0,661.0,585.0,1246.0
02,Valle d'Aosta/Valle d'Aoste,18.0,671.0,602.0,1273.0
02,Valle d'Aosta/Valle d'Aoste,19.0,610.0,574.0,1184.0
02,Valle d'Aosta/Valle d'Aoste,20.0,614.0,603.0,1217.0
02,Valle d'Aosta/Valle d'Aoste,21.0,636.0,620.0,1256.0
02,Valle d'Aosta/Valle d'Aoste,22.0,627.0,556.0,1183.0
02,Valle d'Aosta/Valle d'Aoste,23.0,663.0,589.0,1252.0
02,Valle d'Aosta/Valle d'Aoste,24.0,673.0,622.0,1295.0
02,Valle d'Aosta/Valle d'Aoste,25.0,649.0,586.0,1235.0
02,Valle d'Aosta/Valle d'Aoste,26.0,653.0,597.0,1250.0
02,Valle d'Aosta/Valle d'Aoste,27.0,621.0,559.0,1180.0
02,Valle d'Aosta/Valle d'Aoste,28.0,662.0,589.0,1251.0
02,Valle d'Aosta/Valle d'Aoste,29.0,639.0,578.0,1217.0
02,Valle d'Aosta/Valle d'Aoste,30.0,604.0,560.0,1164.0
02,Valle d'Aosta/Valle d'Aoste,31.0,626.0,585.0,1211.0
02,Valle d'Aosta/Valle d'Aoste,32.0,676.0,625.0,1301.0
02,Valle d'Aosta/Valle d'Aoste,33.0,630.0,575.0,1205.0
02,Valle d'Aosta/Valle d'Aoste,34.0,608.0,663.0,1271.0
02,Valle d'Aosta/Valle d'Aoste,35.0,667.0,593.0,1260.0
02,Valle d'Aosta/Valle d'Aoste,36.0,682.0,637.0,1319.0
02,Valle d'Aosta/Valle d'Aoste,37.0,636.0,648.0,1284.0
02,Valle d'Aosta/Valle d'Aoste,38.0,622.0,666.0,1288.0
02,Valle d'Aosta/Valle d'Aoste,39.0,636.0,649.0,1285.0
02,Valle d'Aosta/Valle d'Aoste,40.0,677.0,658.0,1335.0
02,Valle d'Aosta/Valle d'Aoste,41.0,731.0,690.0,1421.0
02,Valle d'Aosta/Valle d'Aoste,42.0,696.0,721.0,1417.0
02,Valle d'Aosta/Valle d'Aoste,43.0,680.0,677.0,1357.0
02,Valle d'Aosta/Valle d'Aoste,44.0,768.0,704.0,1472.0
02,Valle d'Aosta/Valle d'Aoste,45.0,732.0,723.0,1455.0
02,Valle d'Aosta/Valle d'Aoste,46.0,882.0,842.0,1724.0
02,Valle d'Aosta/Valle d'Aoste,47.0,854.0,826.0,1680.0
02,Valle d'Aosta/Valle d'Aoste,48.0,865.0,920.0,1785.0
02,Valle d'Aosta/Valle d'Aoste,49.0,895.0,960.0,1855.0
02,Valle d'Aosta/Valle d'Aoste,50.0,974.0,981.0,1955.0
02,Valle d'Aosta/Valle d'Aoste,51.0,992.0,1005.0,1997.0
02,Valle d'Aosta/Valle d'Aoste,52.0,996.0,1030.0,2026.0
02,Valle d'Aosta/Valle d'Aoste,53.0,991.0,1078.0,2069.0
02,Valle d'Aosta/Valle d'Aoste,54.0,991.0,1051.0,2042.0
02,Valle d'Aosta/Valle d'Aoste,55.0,1066.0,1111.0,2177.0
02,Valle d'Aosta/Valle d'Aoste,56.0,1031.0,1071.0,2102.0
02,Valle d'Aosta/Valle d'Aoste,57.0,1036.0,1091.0,2127.0
02,Valle d'Aosta/Valle d'Aoste,58.0,1089.0,1087.0,2176.0
02,Valle d'Aosta/Valle d'Aoste,59.0,1023.0,1049.0,2072.0
02,Valle d'Aosta/Valle d'Aoste,60.0,1144.0,1108.0,2252.0
02,Valle d'Aosta/Valle d'Aoste,61.0,1034.0,989.0,2023.0
02,Valle d'Aosta/Valle d'Aoste,62.0,901.0,960.0,1861.0
02,Valle d'Aosta/Valle d'Aoste,63.0,962.0,924.0,1886.0
02,Valle d'Aosta/Valle d'Aoste,64.0,825.0,888.0,1713.0
02,Valle d'Aosta/Valle d'Aoste,65.0,861.0,928.0,1789.0
02,Valle d'Aosta/Valle d'Aoste,66.0,785.0,828.0,1613.0
02,Valle d'Aosta/Valle d'Aoste,67.0,773.0,814.0,1587.0
02,Valle d'Aosta/Valle d'Aoste,68.0,773.0,786.0,1559.0
02,Valle d'Aosta/Valle d'Aoste,69.0,700.0,847.0,1547.0
02,Valle d'Aosta/Valle d'Aoste,70.0,697.0,791.0,1488.0
02,Valle d'Aosta/Valle d'Aoste,71.0,738.0,747.0,1485.0
02,Valle d'Aosta/Valle d'Aoste,72.0,680.0,720.0,1400.0
02,Valle d'Aosta/Valle d'Aoste,73.0,662.0,722.0,1384.0
02,Valle d'Aosta/Valle d'Aoste,74.0,666.0,734.0,1400.0
02,Valle d'Aosta/Valle d'Aoste,75.0,642.0,763.0,1405.0
02,Valle d'Aosta/Valle d'Aoste,76.0,669.0,777.0,1446.0
02,Valle d'Aosta/Valle d'Aoste,77.0,652.0,696.0,1348.0
02,Valle d'Aosta/Valle d'Aoste,78.0,572.0,661.0,1233.0
02,Valle d'Aosta/Valle d'Aoste,79.0,394.0,531.0,925.0
02,Valle d'Aosta/Valle d'Aoste,80.0,478.0,514.0,992.0
02,Valle d'Aosta/Valle d'Aoste,81.0,470.0,538.0,1008.0
02,Valle d'Aosta/Valle d'Aoste,82.0,433.0,532.0,965.0
02,Valle d'Aosta/Valle d'Aoste,83.0,405.0,561.0,966.0
02,Valle d'Aosta/Valle d'Aoste,84.0,380.0,557.0,937.0
02,Valle d'Aosta/Valle d'Aoste,85.0,344.0,511.0,855.0
02,Valle d'Aosta/Valle d'Aoste,86.0,314.0,488.0,802.0
02,Valle d'Aosta/Valle d'Aoste,87.0,240.0,418.0,658.0
02,Valle d'Aosta/Valle d'Aoste,88.0,198.0,333.0,531.0
02,Valle d'Aosta/Valle d'Aoste,89.0,175.0,298.0,473.0
02,Valle d'Aosta/Valle d'Aoste,90.0,128.0,283.0,411.0
02,Valle d'Aosta/Valle d'Aoste,91.0,103.0,233.0,336.0
02,Valle d'Aosta/Valle d'Aoste,92.0,81.0,197.0,278.0
02,Valle d'Aosta/Valle d'Aoste,93.0,42.0,188.0,230.0
02,Valle d'Aosta/Valle d'Aoste,94.0,44.0,148.0,192.0
02,Valle d'Aosta/Valle d'Aoste,95.0,36.0,115.0,151.0
02,Valle d'Aosta/Valle d'Aoste,96.0,25.0,88.0,113.0
02,Valle d'Aosta/Valle d'Aoste,97.0,12.0,53.0,65.0
02,Valle d'Aosta/Valle d'Aoste,98.0,6.0,43.0,49.0
02,Valle d'Aosta/Valle d'Aoste,99.0,5.0,23.0,28.0
02,Valle d'Aosta/Valle d'Aoste,100.0,5.0,32.0,37.0
02,Valle d'Aosta/Valle d'Aoste,999.0,60285.0,62429.0,122714.0
05,Veneto,0.0,15538.0,14609.0,30147.0
05,Veneto,1.0,15781.0,14932.0,30713.0
05,Veneto,2.0,16616.0,15629.0,32245.0
05,Veneto,3.0,17199.0,16362.0,33561.0
05,Veneto,4.0,17630.0,16105.0,33735.0
05,Veneto,5.0,17878.0,16772.0,34650.0
05,Veneto,6.0,18906.0,17762.0,36668.0
05,Veneto,7.0,19694.0,18380.0,38074.0
05,Veneto,8.0,20226.0,18979.0,39205.0
05,Veneto,9.0,20755.0,19623.0,40378.0
05,Veneto,10.0,21327.0,20288.0,41615.0
05,Veneto,11.0,21950.0,20644.0,42594.0
05,Veneto,12.0,22974.0,21550.0,44524.0
05,Veneto,13.0,23230.0,22073.0,45303.0
05,Veneto,14.0,24155.0,22545.0,46700.0
05,Veneto,15.0,24539.0,22887.0,47426.0
05,Veneto,16.0,24990.0,23488.0,48478.0
05,Veneto,17.0,24702.0,23296.0,47998.0
05,Veneto,18.0,24863.0,23277.0,48140.0
05,Veneto,19.0,25139.0,23086.0,48225.0
05,Veneto,20.0,25734.0,23492.0,49226.0
05,Veneto,21.0,25202.0,23172.0,48374.0
05,Veneto,22.0,25207.0,22841.0,48048.0
05,Veneto,23.0,25438.0,22888.0,48326.0
05,Veneto,24.0,26455.0,24088.0,50543.0
05,Veneto,25.0,26315.0,24041.0,50356.0
05,Veneto,26.0,26935.0,24059.0,50994.0
05,Veneto,27.0,26652.0,24043.0,50695.0
05,Veneto,28.0,26504.0,23798.0,50302.0
05,Veneto,29.0,26363.0,23350.0,49713.0
05,Veneto,30.0,25961.0,23682.0,49643.0
05,Veneto,31.0,25855.0,24278.0,50133.0
05,Veneto,32.0,26994.0,24800.0,51794.0
05,Veneto,33.0,26467.0,25120.0,51587.0
05,Veneto,34.0,27091.0,25279.0,52370.0
05,Veneto,35.0,26516.0,25433.0,51949.0
05,Veneto,36.0,27092.0,26170.0,53262.0
05,Veneto,37.0,26283.0,25234.0,51517.0
05,Veneto,38.0,26049.0,25875.0,51924.0
05,Veneto,39.0,27321.0,26994.0,54315.0
05,Veneto,40.0,27300.0,27081.0,54381.0
05,Veneto,41.0,28028.0,27324.0,55352.0
05,Veneto,42.0,28532.0,28602.0,57134.0
05,Veneto,43.0,29329.0,28936.0,58265.0
05,Veneto,44.0,30447.0,29379.0,59826.0
05,Veneto,45.0,31206.0,31001.0,62207.0
05,Veneto,46.0,33273.0,33053.0,66326.0
05,Veneto,47.0,34152.0,34368.0,68520.0
05,Veneto,48.0,35980.0,35619.0,71599.0
05,Veneto,49.0,37640.0,37319.0,74959.0
05,Veneto,50.0,39914.0,39576.0,79490.0
05,Veneto,51.0,39718.0,39397.0,79115.0
05,Veneto,52.0,40434.0,39680.0,80114.0
05,Veneto,53.0,40639.0,40513.0,81152.0
05,Veneto,54.0,40670.0,40252.0,80922.0
05,Veneto,55.0,41685.0,41265.0,82950.0
05,Veneto,56.0,40775.0,41075.0,81850.0
05,Veneto,57.0,41122.0,41188.0,82310.0
05,Veneto,58.0,41314.0,41567.0,82881.0
05,Veneto,59.0,41266.0,41433.0,82699.0
05,Veneto,60.0,41089.0,42085.0,83174.0
05,Veneto,61.0,38482.0,39185.0,77667.0
05,Veneto,62.0,36781.0,37680.0,74461.0
05,Veneto,63.0,35581.0,36921.0,72502.0
05,Veneto,64.0,33569.0,34803.0,68372.0
05,Veneto,65.0,32955.0,34381.0,67336.0
05,Veneto,66.0,30596.0,32359.0,62955.0
05,Veneto,67.0,29709.0,31400.0,61109.0
05,Veneto,68.0,28745.0,31035.0,59780.0
05,Veneto,69.0,27440.0,29845.0,57285.0
05,Veneto,70.0,26906.0,29045.0,55951.0
05,Veneto,71.0,25763.0,28009.0,53772.0
05,Veneto,72.0,24885.0,27658.0,52543.0
05,Veneto,73.0,24445.0,26821.0,51266.0
05,Veneto,74.0,24645.0,28140.0,52785.0
05,Veneto,75.0,24202.0,27309.0,51511.0
05,Veneto,76.0,24248.0,28085.0,52333.0
05,Veneto,77.0,23001.0,27209.0,50210.0
05,Veneto,78.0,24307.0,29096.0,53403.0
05,Veneto,79.0,15931.0,19741.0,35672.0
05,Veneto,80.0,17904.0,22322.0,40226.0
05,Veneto,81.0,17309.0,22437.0,39746.0
05,Veneto,82.0,16038.0,21419.0,37457.0
05,Veneto,83.0,15190.0,20466.0,35656.0
05,Veneto,84.0,14913.0,21045.0,35958.0
05,Veneto,85.0,13894.0,19547.0,33441.0
05,Veneto,86.0,11684.0,18181.0,29865.0
05,Veneto,87.0,9646.0,15547.0,25193.0
05,Veneto,88.0,7666.0,13500.0,21166.0
05,Veneto,89.0,6792.0,12396.0,19188.0
05,Veneto,90.0,5630.0,10870.0,16500.0
05,Veneto,91.0,4043.0,8651.0,12694.0
05,Veneto,92.0,3180.0,7598.0,10778.0
05,Veneto,93.0,2453.0,6302.0,8755.0
05,Veneto,94.0,1778.0,5311.0,7089.0
05,Veneto,95.0,1199.0,3711.0,4910.0
05,Veneto,96.0,832.0,2924.0,3756.0
05,Veneto,97.0,601.0,2244.0,2845.0
05,Veneto,98.0,350.0,1524.0,1874.0
05,Veneto,99.0,221.0,1023.0,1244.0
05,Veneto,100.0,267.0,1654.0,1921.0
05,Veneto,999.0,2392820.0,2459031.0,4851851.0
